action_id,command,category,hotkey,art_now,existing_file,tile_text,file_name,bar_icon_path,bar_icon_size,toolbox_icon_path,toolbox_icon_size,status,notes
101,Brush Tool,Tool,B,toolbox tool (offered as the tool),,BRS,brush-tool.png,ASSETS/THEMES/DEFAULT/IMAGES/COMMANDS/brush-tool.png,16x16 RGBA,ASSETS/THEMES/DEFAULT/IMAGES/COMMANDS/TOOLBOX/brush-tool.png,11x11 RGBA (optional),has art,
102,Dot Tool,Tool,D,toolbox tool (offered as the tool),,DTL,dot-tool.png,ASSETS/THEMES/DEFAULT/IMAGES/COMMANDS/dot-tool.png,16x16 RGBA,ASSETS/THEMES/DEFAULT/IMAGES/COMMANDS/TOOLBOX/dot-tool.png,11x11 RGBA (optional),has art,
103,Fill Tool,Tool,F,toolbox tool (offered as the tool),,FLT,fill-tool.png,ASSETS/THEMES/DEFAULT/IMAGES/COMMANDS/fill-tool.png,16x16 RGBA,ASSETS/THEMES/DEFAULT/IMAGES/COMMANDS/TOOLBOX/fill-tool.png,11x11 RGBA (optional),has art,
104,Color Picker,Tool,I,toolbox tool (offered as the tool),,CLR,color-picker.png,ASSETS/THEMES/DEFAULT/IMAGES/COMMANDS/color-picker.png,16x16 RGBA,ASSETS/THEMES/DEFAULT/IMAGES/COMMANDS/TOOLBOX/color-picker.png,11x11 RGBA (optional),has art,
105,Line Tool,Tool,L,toolbox tool (offered as the tool),,LNT,line-tool.png,ASSETS/THEMES/DEFAULT/IMAGES/COMMANDS/line-tool.png,16x16 RGBA,ASSETS/THEMES/DEFAULT/IMAGES/COMMANDS/TOOLBOX/line-tool.png,11x11 RGBA (optional),has art,
106,Polygon Tool,Tool,P,toolbox tool (offered as the tool),,PLY,polygon-tool.png,ASSETS/THEMES/DEFAULT/IMAGES/COMMANDS/polygon-tool.png,16x16 RGBA,ASSETS/THEMES/DEFAULT/IMAGES/COMMANDS/TOOLBOX/polygon-tool.png,11x11 RGBA (optional),has art,
107,Polygon Filled,Tool,Shift+P,toolbox tool (offered as the tool),,PLY,polygon-filled.png,ASSETS/THEMES/DEFAULT/IMAGES/COMMANDS/polygon-filled.png,16x16 RGBA,ASSETS/THEMES/DEFAULT/IMAGES/COMMANDS/TOOLBOX/polygon-filled.png,11x11 RGBA (optional),has art,
108,Rectangle Tool,Tool,R,toolbox tool (offered as the tool),,RCT,rectangle-tool.png,ASSETS/THEMES/DEFAULT/IMAGES/COMMANDS/rectangle-tool.png,16x16 RGBA,ASSETS/THEMES/DEFAULT/IMAGES/COMMANDS/TOOLBOX/rectangle-tool.png,11x11 RGBA (optional),has art,
109,Rectangle Filled,Tool,Shift+R,toolbox tool (offered as the tool),,RCT,rectangle-filled.png,ASSETS/THEMES/DEFAULT/IMAGES/COMMANDS/rectangle-filled.png,16x16 RGBA,ASSETS/THEMES/DEFAULT/IMAGES/COMMANDS/TOOLBOX/rectangle-filled.png,11x11 RGBA (optional),has art,
110,Ellipse Tool,Tool,C,toolbox tool (offered as the tool),,ELP,ellipse-tool.png,ASSETS/THEMES/DEFAULT/IMAGES/COMMANDS/ellipse-tool.png,16x16 RGBA,ASSETS/THEMES/DEFAULT/IMAGES/COMMANDS/TOOLBOX/ellipse-tool.png,11x11 RGBA (optional),has art,
111,Ellipse Filled,Tool,Shift+C,toolbox tool (offered as the tool),,ELP,ellipse-filled.png,ASSETS/THEMES/DEFAULT/IMAGES/COMMANDS/ellipse-filled.png,16x16 RGBA,ASSETS/THEMES/DEFAULT/IMAGES/COMMANDS/TOOLBOX/ellipse-filled.png,11x11 RGBA (optional),has art,
112,Marquee Tool,Tool,M,toolbox tool (offered as the tool),,MRQ,marquee-tool.png,ASSETS/THEMES/DEFAULT/IMAGES/COMMANDS/marquee-tool.png,16x16 RGBA,ASSETS/THEMES/DEFAULT/IMAGES/COMMANDS/TOOLBOX/marquee-tool.png,11x11 RGBA (optional),has art,
117,Magic Wand,Tool,W,toolbox tool (offered as the tool),,MGC,magic-wand.png,ASSETS/THEMES/DEFAULT/IMAGES/COMMANDS/magic-wand.png,16x16 RGBA,ASSETS/THEMES/DEFAULT/IMAGES/COMMANDS/TOOLBOX/magic-wand.png,11x11 RGBA (optional),has art,
113,Move Tool,Tool,V,toolbox tool (offered as the tool),,MVT,move-tool.png,ASSETS/THEMES/DEFAULT/IMAGES/COMMANDS/move-tool.png,16x16 RGBA,ASSETS/THEMES/DEFAULT/IMAGES/COMMANDS/TOOLBOX/move-tool.png,11x11 RGBA (optional),has art,
114,Text Tool,Tool,T,toolbox tool (offered as the tool),,TXT,text-tool.png,ASSETS/THEMES/DEFAULT/IMAGES/COMMANDS/text-tool.png,16x16 RGBA,ASSETS/THEMES/DEFAULT/IMAGES/COMMANDS/TOOLBOX/text-tool.png,11x11 RGBA (optional),has art,
115,Text Tool (Tiny5),Tool,Shift+T,tile,,TXT,text-tool-tiny5.png,ASSETS/THEMES/DEFAULT/IMAGES/COMMANDS/text-tool-tiny5.png,16x16 RGBA,ASSETS/THEMES/DEFAULT/IMAGES/COMMANDS/TOOLBOX/text-tool-tiny5.png,11x11 RGBA (optional),todo,
116,Text Tool (Custom Font),Tool,Ctrl+T,tile,,TXT,text-tool-custom-font.png,ASSETS/THEMES/DEFAULT/IMAGES/COMMANDS/text-tool-custom-font.png,16x16 RGBA,ASSETS/THEMES/DEFAULT/IMAGES/COMMANDS/TOOLBOX/text-tool-custom-font.png,11x11 RGBA (optional),todo,
118,Eraser Tool,Tool,E,toolbox tool (offered as the tool),,ERS,eraser-tool.png,ASSETS/THEMES/DEFAULT/IMAGES/COMMANDS/eraser-tool.png,16x16 RGBA,ASSETS/THEMES/DEFAULT/IMAGES/COMMANDS/TOOLBOX/eraser-tool.png,11x11 RGBA (optional),has art,
119,Freehand Select,Tool,,toolbox tool (offered as the tool),,FRH,freehand-select.png,ASSETS/THEMES/DEFAULT/IMAGES/COMMANDS/freehand-select.png,16x16 RGBA,ASSETS/THEMES/DEFAULT/IMAGES/COMMANDS/TOOLBOX/freehand-select.png,11x11 RGBA (optional),has art,
120,Polygon Select,Tool,,toolbox tool (offered as the tool),,PLY,polygon-select.png,ASSETS/THEMES/DEFAULT/IMAGES/COMMANDS/polygon-select.png,16x16 RGBA,ASSETS/THEMES/DEFAULT/IMAGES/COMMANDS/TOOLBOX/polygon-select.png,11x11 RGBA (optional),has art,
121,Ellipse Select,Tool,,toolbox tool (offered as the tool),,ELP,ellipse-select.png,ASSETS/THEMES/DEFAULT/IMAGES/COMMANDS/ellipse-select.png,16x16 RGBA,ASSETS/THEMES/DEFAULT/IMAGES/COMMANDS/TOOLBOX/ellipse-select.png,11x11 RGBA (optional),has art,
122,Bezier Curve,Tool,Q,toolbox tool (offered as the tool),,BZR,bezier-curve.png,ASSETS/THEMES/DEFAULT/IMAGES/COMMANDS/bezier-curve.png,16x16 RGBA,ASSETS/THEMES/DEFAULT/IMAGES/COMMANDS/TOOLBOX/bezier-curve.png,11x11 RGBA (optional),has art,
1706,Smart Shapes (activate/cycle),Tool,S,toolbox tool (offered as the tool),,SMR,smart-shapes-activate-cycle.png,ASSETS/THEMES/DEFAULT/IMAGES/COMMANDS/smart-shapes-activate-cycle.png,16x16 RGBA,ASSETS/THEMES/DEFAULT/IMAGES/COMMANDS/TOOLBOX/smart-shapes-activate-cycle.png,11x11 RGBA (optional),has art,
1707,Bevel Rect Outer Style,Tool,O,tile,,BVL,bevel-rect-outer-style.png,ASSETS/THEMES/DEFAULT/IMAGES/COMMANDS/bevel-rect-outer-style.png,16x16 RGBA,ASSETS/THEMES/DEFAULT/IMAGES/COMMANDS/TOOLBOX/bevel-rect-outer-style.png,11x11 RGBA (optional),todo,
1702,Spray Tool,Tool,K,toolbox tool (offered as the tool),,SPR,spray-tool.png,ASSETS/THEMES/DEFAULT/IMAGES/COMMANDS/spray-tool.png,16x16 RGBA,ASSETS/THEMES/DEFAULT/IMAGES/COMMANDS/TOOLBOX/spray-tool.png,11x11 RGBA (optional),has art,
1701,Zoom Tool,Tool,Z,toolbox tool (offered as the tool),,ZMT,zoom-tool.png,ASSETS/THEMES/DEFAULT/IMAGES/COMMANDS/zoom-tool.png,16x16 RGBA,ASSETS/THEMES/DEFAULT/IMAGES/COMMANDS/TOOLBOX/zoom-tool.png,11x11 RGBA (optional),has art,
2453,Annotate: Arrow,Tool,,tile,,ANT,annotate-arrow.png,ASSETS/THEMES/DEFAULT/IMAGES/COMMANDS/annotate-arrow.png,16x16 RGBA,ASSETS/THEMES/DEFAULT/IMAGES/COMMANDS/TOOLBOX/annotate-arrow.png,11x11 RGBA (optional),todo,
2454,Annotate: Highlighter,Tool,,tile,,ANT,annotate-highlighter.png,ASSETS/THEMES/DEFAULT/IMAGES/COMMANDS/annotate-highlighter.png,16x16 RGBA,ASSETS/THEMES/DEFAULT/IMAGES/COMMANDS/TOOLBOX/annotate-highlighter.png,11x11 RGBA (optional),todo,
2455,Annotate: Redact (pixelate a box),Tool,,tile,,ANT,annotate-redact-pixelate-a-box.png,ASSETS/THEMES/DEFAULT/IMAGES/COMMANDS/annotate-redact-pixelate-a-box.png,16x16 RGBA,ASSETS/THEMES/DEFAULT/IMAGES/COMMANDS/TOOLBOX/annotate-redact-pixelate-a-box.png,11x11 RGBA (optional),todo,
2456,Annotate: Numbered Callout,Tool,,tile,,ANT,annotate-numbered-callout.png,ASSETS/THEMES/DEFAULT/IMAGES/COMMANDS/annotate-numbered-callout.png,16x16 RGBA,ASSETS/THEMES/DEFAULT/IMAGES/COMMANDS/TOOLBOX/annotate-numbered-callout.png,11x11 RGBA (optional),todo,
2457,Annotate: Restart Callout Numbers,Tool,,tile,,ANT,annotate-restart-callout-numbers.png,ASSETS/THEMES/DEFAULT/IMAGES/COMMANDS/annotate-restart-callout-numbers.png,16x16 RGBA,ASSETS/THEMES/DEFAULT/IMAGES/COMMANDS/TOOLBOX/annotate-restart-callout-numbers.png,11x11 RGBA (optional),todo,
209,New Canvas,File,Ctrl+N,tile,,NCN,new-canvas.png,ASSETS/THEMES/DEFAULT/IMAGES/COMMANDS/new-canvas.png,16x16 RGBA,ASSETS/THEMES/DEFAULT/IMAGES/COMMANDS/TOOLBOX/new-canvas.png,11x11 RGBA (optional),todo,
718,New Window,File,Ctrl+Alt+N,tile,,NWN,new-window.png,ASSETS/THEMES/DEFAULT/IMAGES/COMMANDS/new-window.png,16x16 RGBA,ASSETS/THEMES/DEFAULT/IMAGES/COMMANDS/TOOLBOX/new-window.png,11x11 RGBA (optional),todo,
2450,Capture Screen,File,Ctrl+Shift+P,tile,,CPT,capture-screen.png,ASSETS/THEMES/DEFAULT/IMAGES/COMMANDS/capture-screen.png,16x16 RGBA,ASSETS/THEMES/DEFAULT/IMAGES/COMMANDS/TOOLBOX/capture-screen.png,11x11 RGBA (optional),todo,
2451,Capture: Quick Save PNG,File,,tile,,CPT,capture-quick-save-png.png,ASSETS/THEMES/DEFAULT/IMAGES/COMMANDS/capture-quick-save-png.png,16x16 RGBA,ASSETS/THEMES/DEFAULT/IMAGES/COMMANDS/TOOLBOX/capture-quick-save-png.png,11x11 RGBA (optional),todo,
2452,"Capture: Done (save, copy, go back)",File,,tile,,CPT,capture-done-save-copy-go-back.png,ASSETS/THEMES/DEFAULT/IMAGES/COMMANDS/capture-done-save-copy-go-back.png,16x16 RGBA,ASSETS/THEMES/DEFAULT/IMAGES/COMMANDS/TOOLBOX/capture-done-save-copy-go-back.png,11x11 RGBA (optional),todo,
201,Open Image,File,Ctrl+O,tile,,OPN,open-image.png,ASSETS/THEMES/DEFAULT/IMAGES/COMMANDS/open-image.png,16x16 RGBA,ASSETS/THEMES/DEFAULT/IMAGES/COMMANDS/TOOLBOX/open-image.png,11x11 RGBA (optional),todo,
202,Save Image,File,Ctrl+S,tile,,SVI,save-image.png,ASSETS/THEMES/DEFAULT/IMAGES/COMMANDS/save-image.png,16x16 RGBA,ASSETS/THEMES/DEFAULT/IMAGES/COMMANDS/TOOLBOX/save-image.png,11x11 RGBA (optional),todo,
204,Save As...,File,Ctrl+Shift+S,tile,,SVA,save-as.png,ASSETS/THEMES/DEFAULT/IMAGES/COMMANDS/save-as.png,16x16 RGBA,ASSETS/THEMES/DEFAULT/IMAGES/COMMANDS/TOOLBOX/save-as.png,11x11 RGBA (optional),todo,
203,Save Project As... (.draw),File,,tile,,SVP,save-project-as-draw.png,ASSETS/THEMES/DEFAULT/IMAGES/COMMANDS/save-project-as-draw.png,16x16 RGBA,ASSETS/THEMES/DEFAULT/IMAGES/COMMANDS/TOOLBOX/save-project-as-draw.png,11x11 RGBA (optional),todo,
205,Export Selection,File,Ctrl+Alt+Shift+S,tile,,EXP,export-selection.png,ASSETS/THEMES/DEFAULT/IMAGES/COMMANDS/export-selection.png,16x16 RGBA,ASSETS/THEMES/DEFAULT/IMAGES/COMMANDS/TOOLBOX/export-selection.png,11x11 RGBA (optional),todo,
206,Open Project (.draw),File,Alt+O,tile,,OPN,open-project-draw.png,ASSETS/THEMES/DEFAULT/IMAGES/COMMANDS/open-project-draw.png,16x16 RGBA,ASSETS/THEMES/DEFAULT/IMAGES/COMMANDS/TOOLBOX/open-project-draw.png,11x11 RGBA (optional),todo,
208,Import Image,File,Right-click Open,tile,,IMP,import-image.png,ASSETS/THEMES/DEFAULT/IMAGES/COMMANDS/import-image.png,16x16 RGBA,ASSETS/THEMES/DEFAULT/IMAGES/COMMANDS/TOOLBOX/import-image.png,11x11 RGBA (optional),todo,
2301,Import ANSI,File,,tile,,IMP,import-ansi.png,ASSETS/THEMES/DEFAULT/IMAGES/COMMANDS/import-ansi.png,16x16 RGBA,ASSETS/THEMES/DEFAULT/IMAGES/COMMANDS/TOOLBOX/import-ansi.png,11x11 RGBA (optional),todo,
2300,Export ANSI,File,,tile,,EXP,export-ansi.png,ASSETS/THEMES/DEFAULT/IMAGES/COMMANDS/export-ansi.png,16x16 RGBA,ASSETS/THEMES/DEFAULT/IMAGES/COMMANDS/TOOLBOX/export-ansi.png,11x11 RGBA (optional),todo,
2330,Export Color Cycling QB64 Program (.bas),File,,tile,,EXP,export-color-cycling-qb64-program-bas.png,ASSETS/THEMES/DEFAULT/IMAGES/COMMANDS/export-color-cycling-qb64-program-bas.png,16x16 RGBA,ASSETS/THEMES/DEFAULT/IMAGES/COMMANDS/TOOLBOX/export-color-cycling-qb64-program-bas.png,11x11 RGBA (optional),todo,
2331,Export GIF + Cycle Ranges (GrafX2),File,,tile,,EXP,export-gif-cycle-ranges-grafx2.png,ASSETS/THEMES/DEFAULT/IMAGES/COMMANDS/export-gif-cycle-ranges-grafx2.png,16x16 RGBA,ASSETS/THEMES/DEFAULT/IMAGES/COMMANDS/TOOLBOX/export-gif-cycle-ranges-grafx2.png,11x11 RGBA (optional),todo,
2332,Export Animated GIF of the Color Cycle,File,,tile,,EXP,export-animated-gif-of-the-color-cycle.png,ASSETS/THEMES/DEFAULT/IMAGES/COMMANDS/export-animated-gif-of-the-color-cycle.png,16x16 RGBA,ASSETS/THEMES/DEFAULT/IMAGES/COMMANDS/TOOLBOX/export-animated-gif-of-the-color-cycle.png,11x11 RGBA (optional),todo,
2333,Export DeluxePaint ILBM (.lbm),File,,tile,,EXP,export-deluxepaint-ilbm-lbm.png,ASSETS/THEMES/DEFAULT/IMAGES/COMMANDS/export-deluxepaint-ilbm-lbm.png,16x16 RGBA,ASSETS/THEMES/DEFAULT/IMAGES/COMMANDS/TOOLBOX/export-deluxepaint-ilbm-lbm.png,11x11 RGBA (optional),todo,
2334,"Export DeluxePaint PBM (.lbm, PC chunky)",File,,tile,,EXP,export-deluxepaint-pbm-lbm-pc-chunky.png,ASSETS/THEMES/DEFAULT/IMAGES/COMMANDS/export-deluxepaint-pbm-lbm-pc-chunky.png,16x16 RGBA,ASSETS/THEMES/DEFAULT/IMAGES/COMMANDS/TOOLBOX/export-deluxepaint-pbm-lbm-pc-chunky.png,11x11 RGBA (optional),todo,
2335,Open DeluxePaint / GrafX2 File,File,,tile,,OPN,open-deluxepaint-grafx2-file.png,ASSETS/THEMES/DEFAULT/IMAGES/COMMANDS/open-deluxepaint-grafx2-file.png,16x16 RGBA,ASSETS/THEMES/DEFAULT/IMAGES/COMMANDS/TOOLBOX/open-deluxepaint-grafx2-file.png,11x11 RGBA (optional),todo,
1911,Load Drawer Set,File,,tile,,LDD,load-drawer-set.png,ASSETS/THEMES/DEFAULT/IMAGES/COMMANDS/load-drawer-set.png,16x16 RGBA,ASSETS/THEMES/DEFAULT/IMAGES/COMMANDS/TOOLBOX/load-drawer-set.png,11x11 RGBA (optional),todo,
207,Revert,File,,tile,,RVR,revert.png,ASSETS/THEMES/DEFAULT/IMAGES/COMMANDS/revert.png,16x16 RGBA,ASSETS/THEMES/DEFAULT/IMAGES/COMMANDS/TOOLBOX/revert.png,11x11 RGBA (optional),todo,
1912,Save Drawer Set,File,,tile,,SVD,save-drawer-set.png,ASSETS/THEMES/DEFAULT/IMAGES/COMMANDS/save-drawer-set.png,16x16 RGBA,ASSETS/THEMES/DEFAULT/IMAGES/COMMANDS/TOOLBOX/save-drawer-set.png,11x11 RGBA (optional),todo,
1913,Clear Drawer Set,File,,tile,,CLR,clear-drawer-set.png,ASSETS/THEMES/DEFAULT/IMAGES/COMMANDS/clear-drawer-set.png,16x16 RGBA,ASSETS/THEMES/DEFAULT/IMAGES/COMMANDS/TOOLBOX/clear-drawer-set.png,11x11 RGBA (optional),todo,
1914,Explore Drawer Sets,File,,tile,,EXP,explore-drawer-sets.png,ASSETS/THEMES/DEFAULT/IMAGES/COMMANDS/explore-drawer-sets.png,16x16 RGBA,ASSETS/THEMES/DEFAULT/IMAGES/COMMANDS/TOOLBOX/explore-drawer-sets.png,11x11 RGBA (optional),todo,
210,New from Template...,File,,tile,,NFR,new-from-template.png,ASSETS/THEMES/DEFAULT/IMAGES/COMMANDS/new-from-template.png,16x16 RGBA,ASSETS/THEMES/DEFAULT/IMAGES/COMMANDS/TOOLBOX/new-from-template.png,11x11 RGBA (optional),todo,
218,Extract From Grid,File,,tile,,EXT,extract-from-grid.png,ASSETS/THEMES/DEFAULT/IMAGES/COMMANDS/extract-from-grid.png,16x16 RGBA,ASSETS/THEMES/DEFAULT/IMAGES/COMMANDS/TOOLBOX/extract-from-grid.png,11x11 RGBA (optional),todo,
2201,Export as PNG (DRAW Native),File,,tile,,EXP,export-as-png-draw-native.png,ASSETS/THEMES/DEFAULT/IMAGES/COMMANDS/export-as-png-draw-native.png,16x16 RGBA,ASSETS/THEMES/DEFAULT/IMAGES/COMMANDS/TOOLBOX/export-as-png-draw-native.png,11x11 RGBA (optional),todo,
2204,Export as PNG,File,,tile,,EXP,export-as-png.png,ASSETS/THEMES/DEFAULT/IMAGES/COMMANDS/export-as-png.png,16x16 RGBA,ASSETS/THEMES/DEFAULT/IMAGES/COMMANDS/TOOLBOX/export-as-png.png,11x11 RGBA (optional),todo,
2205,Export as GIF,File,,tile,,EXP,export-as-gif.png,ASSETS/THEMES/DEFAULT/IMAGES/COMMANDS/export-as-gif.png,16x16 RGBA,ASSETS/THEMES/DEFAULT/IMAGES/COMMANDS/TOOLBOX/export-as-gif.png,11x11 RGBA (optional),todo,
2206,Export as JPG,File,,tile,,EXP,export-as-jpg.png,ASSETS/THEMES/DEFAULT/IMAGES/COMMANDS/export-as-jpg.png,16x16 RGBA,ASSETS/THEMES/DEFAULT/IMAGES/COMMANDS/TOOLBOX/export-as-jpg.png,11x11 RGBA (optional),todo,
2208,Export as TGA,File,,tile,,EXP,export-as-tga.png,ASSETS/THEMES/DEFAULT/IMAGES/COMMANDS/export-as-tga.png,16x16 RGBA,ASSETS/THEMES/DEFAULT/IMAGES/COMMANDS/TOOLBOX/export-as-tga.png,11x11 RGBA (optional),todo,
2209,Export as BMP,File,,tile,,EXP,export-as-bmp.png,ASSETS/THEMES/DEFAULT/IMAGES/COMMANDS/export-as-bmp.png,16x16 RGBA,ASSETS/THEMES/DEFAULT/IMAGES/COMMANDS/TOOLBOX/export-as-bmp.png,11x11 RGBA (optional),todo,
2210,Export as HDR,File,,tile,,EXP,export-as-hdr.png,ASSETS/THEMES/DEFAULT/IMAGES/COMMANDS/export-as-hdr.png,16x16 RGBA,ASSETS/THEMES/DEFAULT/IMAGES/COMMANDS/TOOLBOX/export-as-hdr.png,11x11 RGBA (optional),todo,
2211,Export as ICO,File,,tile,,EXP,export-as-ico.png,ASSETS/THEMES/DEFAULT/IMAGES/COMMANDS/export-as-ico.png,16x16 RGBA,ASSETS/THEMES/DEFAULT/IMAGES/COMMANDS/TOOLBOX/export-as-ico.png,11x11 RGBA (optional),todo,
2216,Export as QOI,File,,tile,,EXP,export-as-qoi.png,ASSETS/THEMES/DEFAULT/IMAGES/COMMANDS/export-as-qoi.png,16x16 RGBA,ASSETS/THEMES/DEFAULT/IMAGES/COMMANDS/TOOLBOX/export-as-qoi.png,11x11 RGBA (optional),todo,
220,Export QB64 Project...,File,Ctrl+Shift+Q,tile,,EXP,export-qb64-project.png,ASSETS/THEMES/DEFAULT/IMAGES/COMMANDS/export-qb64-project.png,16x16 RGBA,ASSETS/THEMES/DEFAULT/IMAGES/COMMANDS/TOOLBOX/export-qb64-project.png,11x11 RGBA (optional),todo,
2320,Export Kit...,File,,tile,,EXP,export-kit.png,ASSETS/THEMES/DEFAULT/IMAGES/COMMANDS/export-kit.png,16x16 RGBA,ASSETS/THEMES/DEFAULT/IMAGES/COMMANDS/TOOLBOX/export-kit.png,11x11 RGBA (optional),todo,
2321,Install Kit...,File,,tile,,INS,install-kit.png,ASSETS/THEMES/DEFAULT/IMAGES/COMMANDS/install-kit.png,16x16 RGBA,ASSETS/THEMES/DEFAULT/IMAGES/COMMANDS/TOOLBOX/install-kit.png,11x11 RGBA (optional),todo,
212,Exit,File,Alt+X,tile,,EXT,exit.png,ASSETS/THEMES/DEFAULT/IMAGES/COMMANDS/exit.png,16x16 RGBA,ASSETS/THEMES/DEFAULT/IMAGES/COMMANDS/TOOLBOX/exit.png,11x11 RGBA (optional),todo,
301,Undo,Edit,Ctrl+Z,bar icon (edit bar),ASSETS/THEMES/DEFAULT/IMAGES/EDITBAR/eb-undo.png,UND,undo.png,ASSETS/THEMES/DEFAULT/IMAGES/COMMANDS/undo.png,16x16 RGBA,ASSETS/THEMES/DEFAULT/IMAGES/COMMANDS/TOOLBOX/undo.png,11x11 RGBA (optional),has art,
302,Redo,Edit,Ctrl+Y,bar icon (edit bar),ASSETS/THEMES/DEFAULT/IMAGES/EDITBAR/eb-redo.png,RD,redo.png,ASSETS/THEMES/DEFAULT/IMAGES/COMMANDS/redo.png,16x16 RGBA,ASSETS/THEMES/DEFAULT/IMAGES/COMMANDS/TOOLBOX/redo.png,11x11 RGBA (optional),has art,
303,Copy,Edit,Ctrl+C,bar icon (edit bar),ASSETS/THEMES/DEFAULT/IMAGES/EDITBAR/eb-copy.png,CPY,copy.png,ASSETS/THEMES/DEFAULT/IMAGES/COMMANDS/copy.png,16x16 RGBA,ASSETS/THEMES/DEFAULT/IMAGES/COMMANDS/TOOLBOX/copy.png,11x11 RGBA (optional),has art,
304,Cut,Edit,Ctrl+X,bar icon (edit bar),ASSETS/THEMES/DEFAULT/IMAGES/EDITBAR/eb-cut.png,CT,cut.png,ASSETS/THEMES/DEFAULT/IMAGES/COMMANDS/cut.png,16x16 RGBA,ASSETS/THEMES/DEFAULT/IMAGES/COMMANDS/TOOLBOX/cut.png,11x11 RGBA (optional),has art,
305,Paste,Edit,Ctrl+V,bar icon (edit bar),ASSETS/THEMES/DEFAULT/IMAGES/EDITBAR/eb-paste.png,PST,paste.png,ASSETS/THEMES/DEFAULT/IMAGES/COMMANDS/paste.png,16x16 RGBA,ASSETS/THEMES/DEFAULT/IMAGES/COMMANDS/TOOLBOX/paste.png,11x11 RGBA (optional),has art,
330,Paste from OS Clipboard,Edit,Ctrl+Shift+V,tile,,PST,paste-from-os-clipboard.png,ASSETS/THEMES/DEFAULT/IMAGES/COMMANDS/paste-from-os-clipboard.png,16x16 RGBA,ASSETS/THEMES/DEFAULT/IMAGES/COMMANDS/TOOLBOX/paste-from-os-clipboard.png,11x11 RGBA (optional),todo,
306,Clear Selection,Edit,Ctrl+E,tile,,CLR,clear-selection.png,ASSETS/THEMES/DEFAULT/IMAGES/COMMANDS/clear-selection.png,16x16 RGBA,ASSETS/THEMES/DEFAULT/IMAGES/COMMANDS/TOOLBOX/clear-selection.png,11x11 RGBA (optional),todo,
307,Deselect,Edit,Ctrl+D,tile,,DSL,deselect.png,ASSETS/THEMES/DEFAULT/IMAGES/COMMANDS/deselect.png,16x16 RGBA,ASSETS/THEMES/DEFAULT/IMAGES/COMMANDS/TOOLBOX/deselect.png,11x11 RGBA (optional),todo,
308,Clear Canvas,Edit,Delete,bar icon (edit bar),ASSETS/THEMES/DEFAULT/IMAGES/EDITBAR/eb-clear.png,CLR,clear-canvas.png,ASSETS/THEMES/DEFAULT/IMAGES/COMMANDS/clear-canvas.png,16x16 RGBA,ASSETS/THEMES/DEFAULT/IMAGES/COMMANDS/TOOLBOX/clear-canvas.png,11x11 RGBA (optional),has art,
309,Clear Canvas (No Prompt),Edit,,tile,,CLR,clear-canvas-no-prompt.png,ASSETS/THEMES/DEFAULT/IMAGES/COMMANDS/clear-canvas-no-prompt.png,16x16 RGBA,ASSETS/THEMES/DEFAULT/IMAGES/COMMANDS/TOOLBOX/clear-canvas-no-prompt.png,11x11 RGBA (optional),todo,
310,Select All,Edit,Ctrl+A,tile,,SLC,select-all.png,ASSETS/THEMES/DEFAULT/IMAGES/COMMANDS/select-all.png,16x16 RGBA,ASSETS/THEMES/DEFAULT/IMAGES/COMMANDS/TOOLBOX/select-all.png,11x11 RGBA (optional),todo,
311,Invert Selection,Edit,Ctrl+Shift+I,tile,,INV,invert-selection.png,ASSETS/THEMES/DEFAULT/IMAGES/COMMANDS/invert-selection.png,16x16 RGBA,ASSETS/THEMES/DEFAULT/IMAGES/COMMANDS/TOOLBOX/invert-selection.png,11x11 RGBA (optional),todo,
332,Hide Selection,Edit,Ctrl+H,tile,,HDS,hide-selection.png,ASSETS/THEMES/DEFAULT/IMAGES/COMMANDS/hide-selection.png,16x16 RGBA,ASSETS/THEMES/DEFAULT/IMAGES/COMMANDS/TOOLBOX/hide-selection.png,11x11 RGBA (optional),todo,
1410,Expand Selection,Edit,Hold M:=,tile,,EXP,expand-selection.png,ASSETS/THEMES/DEFAULT/IMAGES/COMMANDS/expand-selection.png,16x16 RGBA,ASSETS/THEMES/DEFAULT/IMAGES/COMMANDS/TOOLBOX/expand-selection.png,11x11 RGBA (optional),todo,
1411,Contract Selection,Edit,Hold M:-,tile,,CNT,contract-selection.png,ASSETS/THEMES/DEFAULT/IMAGES/COMMANDS/contract-selection.png,16x16 RGBA,ASSETS/THEMES/DEFAULT/IMAGES/COMMANDS/TOOLBOX/contract-selection.png,11x11 RGBA (optional),todo,
1412,Expand Selection (large),Edit,Hold M:+,tile,,EXP,expand-selection-large.png,ASSETS/THEMES/DEFAULT/IMAGES/COMMANDS/expand-selection-large.png,16x16 RGBA,ASSETS/THEMES/DEFAULT/IMAGES/COMMANDS/TOOLBOX/expand-selection-large.png,11x11 RGBA (optional),todo,
1413,Contract Selection (large),Edit,Hold M:_,tile,,CNT,contract-selection-large.png,ASSETS/THEMES/DEFAULT/IMAGES/COMMANDS/contract-selection-large.png,16x16 RGBA,ASSETS/THEMES/DEFAULT/IMAGES/COMMANDS/TOOLBOX/contract-selection-large.png,11x11 RGBA (optional),todo,
319,Rotate 90 CW,Edit,>,bar icon (edit bar),ASSETS/THEMES/DEFAULT/IMAGES/EDITBAR/eb-rotate-cw.png,RT9,rotate-90-cw.png,ASSETS/THEMES/DEFAULT/IMAGES/COMMANDS/rotate-90-cw.png,16x16 RGBA,ASSETS/THEMES/DEFAULT/IMAGES/COMMANDS/TOOLBOX/rotate-90-cw.png,11x11 RGBA (optional),has art,
320,Rotate 90 CCW,Edit,<,bar icon (edit bar),ASSETS/THEMES/DEFAULT/IMAGES/EDITBAR/eb-rotate-ccw.png,RT9,rotate-90-ccw.png,ASSETS/THEMES/DEFAULT/IMAGES/COMMANDS/rotate-90-ccw.png,16x16 RGBA,ASSETS/THEMES/DEFAULT/IMAGES/COMMANDS/TOOLBOX/rotate-90-ccw.png,11x11 RGBA (optional),has art,
331,Scale 2x Horizontal,Edit,Ctrl+Home,tile,,SCL,scale-2x-horizontal.png,ASSETS/THEMES/DEFAULT/IMAGES/COMMANDS/scale-2x-horizontal.png,16x16 RGBA,ASSETS/THEMES/DEFAULT/IMAGES/COMMANDS/TOOLBOX/scale-2x-horizontal.png,11x11 RGBA (optional),todo,
333,Scale 2x Vertical,Edit,Ctrl+End,tile,,SCL,scale-2x-vertical.png,ASSETS/THEMES/DEFAULT/IMAGES/COMMANDS/scale-2x-vertical.png,16x16 RGBA,ASSETS/THEMES/DEFAULT/IMAGES/COMMANDS/TOOLBOX/scale-2x-vertical.png,11x11 RGBA (optional),todo,
322,Copy Merged,Edit,Ctrl+Shift+C,bar icon (edit bar),ASSETS/THEMES/DEFAULT/IMAGES/EDITBAR/eb-copy-merged.png,CPY,copy-merged.png,ASSETS/THEMES/DEFAULT/IMAGES/COMMANDS/copy-merged.png,16x16 RGBA,ASSETS/THEMES/DEFAULT/IMAGES/COMMANDS/TOOLBOX/copy-merged.png,11x11 RGBA (optional),has art,
321,Copy to New Layer,Edit,Ctrl+Alt+C,bar icon (edit bar),ASSETS/THEMES/DEFAULT/IMAGES/EDITBAR/eb-copy-to-new-layer.png,CPY,copy-to-new-layer.png,ASSETS/THEMES/DEFAULT/IMAGES/COMMANDS/copy-to-new-layer.png,16x16 RGBA,ASSETS/THEMES/DEFAULT/IMAGES/COMMANDS/TOOLBOX/copy-to-new-layer.png,11x11 RGBA (optional),has art,
323,Cut to New Layer,Edit,Ctrl+Alt+X,bar icon (edit bar),ASSETS/THEMES/DEFAULT/IMAGES/EDITBAR/eb-cut-to-new-layer.png,CT,cut-to-new-layer.png,ASSETS/THEMES/DEFAULT/IMAGES/COMMANDS/cut-to-new-layer.png,16x16 RGBA,ASSETS/THEMES/DEFAULT/IMAGES/COMMANDS/TOOLBOX/cut-to-new-layer.png,11x11 RGBA (optional),has art,
324,Stroke Selection,Edit,,bar icon (edit bar),ASSETS/THEMES/DEFAULT/IMAGES/EDITBAR/eb-stroke-selection.png,STR,stroke-selection.png,ASSETS/THEMES/DEFAULT/IMAGES/COMMANDS/stroke-selection.png,16x16 RGBA,ASSETS/THEMES/DEFAULT/IMAGES/COMMANDS/TOOLBOX/stroke-selection.png,11x11 RGBA (optional),has art,
325,Transform Scale,Edit,,tile,,TRN,transform-scale.png,ASSETS/THEMES/DEFAULT/IMAGES/COMMANDS/transform-scale.png,16x16 RGBA,ASSETS/THEMES/DEFAULT/IMAGES/COMMANDS/TOOLBOX/transform-scale.png,11x11 RGBA (optional),todo,
326,Transform Distort,Edit,,tile,,TRN,transform-distort.png,ASSETS/THEMES/DEFAULT/IMAGES/COMMANDS/transform-distort.png,16x16 RGBA,ASSETS/THEMES/DEFAULT/IMAGES/COMMANDS/TOOLBOX/transform-distort.png,11x11 RGBA (optional),todo,
327,Transform Perspective,Edit,,tile,,TRN,transform-perspective.png,ASSETS/THEMES/DEFAULT/IMAGES/COMMANDS/transform-perspective.png,16x16 RGBA,ASSETS/THEMES/DEFAULT/IMAGES/COMMANDS/TOOLBOX/transform-perspective.png,11x11 RGBA (optional),todo,
328,Transform Rotate,Edit,,tile,,TRN,transform-rotate.png,ASSETS/THEMES/DEFAULT/IMAGES/COMMANDS/transform-rotate.png,16x16 RGBA,ASSETS/THEMES/DEFAULT/IMAGES/COMMANDS/TOOLBOX/transform-rotate.png,11x11 RGBA (optional),todo,
329,Transform Shear,Edit,,tile,,TRN,transform-shear.png,ASSETS/THEMES/DEFAULT/IMAGES/COMMANDS/transform-shear.png,16x16 RGBA,ASSETS/THEMES/DEFAULT/IMAGES/COMMANDS/TOOLBOX/transform-shear.png,11x11 RGBA (optional),todo,
334,Transform Selection,Edit,,tile,,TRN,transform-selection.png,ASSETS/THEMES/DEFAULT/IMAGES/COMMANDS/transform-selection.png,16x16 RGBA,ASSETS/THEMES/DEFAULT/IMAGES/COMMANDS/TOOLBOX/transform-selection.png,11x11 RGBA (optional),todo,
958,Toggle Anti-Aliasing,Edit,,tile,,ANT,toggle-anti-aliasing.png,ASSETS/THEMES/DEFAULT/IMAGES/COMMANDS/toggle-anti-aliasing.png,16x16 RGBA,ASSETS/THEMES/DEFAULT/IMAGES/COMMANDS/TOOLBOX/toggle-anti-aliasing.png,11x11 RGBA (optional),todo,
959,Toggle Edge Mode (PP/AA),Edit,,bar icon (edit bar),ASSETS/THEMES/DEFAULT/IMAGES/EDITBAR/eb-pixel-perfect.png,EDG,toggle-edge-mode-pp-aa.png,ASSETS/THEMES/DEFAULT/IMAGES/COMMANDS/toggle-edge-mode-pp-aa.png,16x16 RGBA,ASSETS/THEMES/DEFAULT/IMAGES/COMMANDS/TOOLBOX/toggle-edge-mode-pp-aa.png,11x11 RGBA (optional),has art,
960,Switch Edge Mode Target,Edit,,tile,,SWT,switch-edge-mode-target.png,ASSETS/THEMES/DEFAULT/IMAGES/COMMANDS/switch-edge-mode-target.png,16x16 RGBA,ASSETS/THEMES/DEFAULT/IMAGES/COMMANDS/TOOLBOX/switch-edge-mode-target.png,11x11 RGBA (optional),todo,
1520,Import Text Styles,Edit,,tile,,IMP,import-text-styles.png,ASSETS/THEMES/DEFAULT/IMAGES/COMMANDS/import-text-styles.png,16x16 RGBA,ASSETS/THEMES/DEFAULT/IMAGES/COMMANDS/TOOLBOX/import-text-styles.png,11x11 RGBA (optional),todo,
1521,Export Selected Text Style,Edit,,tile,,EXP,export-selected-text-style.png,ASSETS/THEMES/DEFAULT/IMAGES/COMMANDS/export-selected-text-style.png,16x16 RGBA,ASSETS/THEMES/DEFAULT/IMAGES/COMMANDS/TOOLBOX/export-selected-text-style.png,11x11 RGBA (optional),todo,
1522,Export All Text Styles,Edit,,tile,,EXP,export-all-text-styles.png,ASSETS/THEMES/DEFAULT/IMAGES/COMMANDS/export-all-text-styles.png,16x16 RGBA,ASSETS/THEMES/DEFAULT/IMAGES/COMMANDS/TOOLBOX/export-all-text-styles.png,11x11 RGBA (optional),todo,
1530,Browse TheDraw Fonts (TDF),Edit,,tile,,BRW,browse-thedraw-fonts-tdf.png,ASSETS/THEMES/DEFAULT/IMAGES/COMMANDS/browse-thedraw-fonts-tdf.png,16x16 RGBA,ASSETS/THEMES/DEFAULT/IMAGES/COMMANDS/TOOLBOX/browse-thedraw-fonts-tdf.png,11x11 RGBA (optional),todo,
2100,Settings...,Edit,"Ctrl+,",tile,,STN,settings.png,ASSETS/THEMES/DEFAULT/IMAGES/COMMANDS/settings.png,16x16 RGBA,ASSETS/THEMES/DEFAULT/IMAGES/COMMANDS/TOOLBOX/settings.png,11x11 RGBA (optional),todo,
2360,Customize Controls...,Edit,,tile,,CST,customize-controls.png,ASSETS/THEMES/DEFAULT/IMAGES/COMMANDS/customize-controls.png,16x16 RGBA,ASSETS/THEMES/DEFAULT/IMAGES/COMMANDS/TOOLBOX/customize-controls.png,11x11 RGBA (optional),todo,
1501,Toggle Reference Image,View,Ctrl+R,bar icon (advanced bar),ASSETS/THEMES/DEFAULT/IMAGES/ADVANCEDBAR/reference-on.png,RFR,toggle-reference-image.png,ASSETS/THEMES/DEFAULT/IMAGES/COMMANDS/toggle-reference-image.png,16x16 RGBA,ASSETS/THEMES/DEFAULT/IMAGES/COMMANDS/TOOLBOX/toggle-reference-image.png,11x11 RGBA (optional),has art,
1502,Load Reference Image,View,,bar icon (advanced bar),ASSETS/THEMES/DEFAULT/IMAGES/ADVANCEDBAR/reference-load.png,LDR,load-reference-image.png,ASSETS/THEMES/DEFAULT/IMAGES/COMMANDS/load-reference-image.png,16x16 RGBA,ASSETS/THEMES/DEFAULT/IMAGES/COMMANDS/TOOLBOX/load-reference-image.png,11x11 RGBA (optional),has art,
1503,Clear Reference Image,View,,bar icon (advanced bar),ASSETS/THEMES/DEFAULT/IMAGES/ADVANCEDBAR/reference-clear.png,CLR,clear-reference-image.png,ASSETS/THEMES/DEFAULT/IMAGES/COMMANDS/clear-reference-image.png,16x16 RGBA,ASSETS/THEMES/DEFAULT/IMAGES/COMMANDS/TOOLBOX/clear-reference-image.png,11x11 RGBA (optional),has art,
1504,Reposition Reference Image,View,,bar icon (advanced bar),ASSETS/THEMES/DEFAULT/IMAGES/ADVANCEDBAR/reference-adjust.png,RPS,reposition-reference-image.png,ASSETS/THEMES/DEFAULT/IMAGES/COMMANDS/reposition-reference-image.png,16x16 RGBA,ASSETS/THEMES/DEFAULT/IMAGES/COMMANDS/TOOLBOX/reposition-reference-image.png,11x11 RGBA (optional),has art,
401,Toggle Toolbar,View,Tab,tile,,TLB,toggle-toolbar.png,ASSETS/THEMES/DEFAULT/IMAGES/COMMANDS/toggle-toolbar.png,16x16 RGBA,ASSETS/THEMES/DEFAULT/IMAGES/COMMANDS/TOOLBOX/toggle-toolbar.png,11x11 RGBA (optional),todo,
402,Toggle Status Bar,View,F10,tile,,STS,toggle-status-bar.png,ASSETS/THEMES/DEFAULT/IMAGES/COMMANDS/toggle-status-bar.png,16x16 RGBA,ASSETS/THEMES/DEFAULT/IMAGES/COMMANDS/TOOLBOX/toggle-status-bar.png,11x11 RGBA (optional),todo,
403,Toggle All UI,View,F11,tile,,AU,toggle-all-ui.png,ASSETS/THEMES/DEFAULT/IMAGES/COMMANDS/toggle-all-ui.png,16x16 RGBA,ASSETS/THEMES/DEFAULT/IMAGES/COMMANDS/TOOLBOX/toggle-all-ui.png,11x11 RGBA (optional),todo,
2400,Workspace Switcher,View,Ctrl+Shift+W,tile,,WRK,workspace-switcher.png,ASSETS/THEMES/DEFAULT/IMAGES/COMMANDS/workspace-switcher.png,16x16 RGBA,ASSETS/THEMES/DEFAULT/IMAGES/COMMANDS/TOOLBOX/workspace-switcher.png,11x11 RGBA (optional),todo,
2405,Save Current Layout As Workspace...,View,,tile,,SVC,save-current-layout-as-workspace.png,ASSETS/THEMES/DEFAULT/IMAGES/COMMANDS/save-current-layout-as-workspace.png,16x16 RGBA,ASSETS/THEMES/DEFAULT/IMAGES/COMMANDS/TOOLBOX/save-current-layout-as-workspace.png,11x11 RGBA (optional),todo,
2406,Update Workspace From Current Layout,View,,tile,,UPD,update-workspace-from-current-layout.png,ASSETS/THEMES/DEFAULT/IMAGES/COMMANDS/update-workspace-from-current-layout.png,16x16 RGBA,ASSETS/THEMES/DEFAULT/IMAGES/COMMANDS/TOOLBOX/update-workspace-from-current-layout.png,11x11 RGBA (optional),todo,
2401,Configure Workspaces...,View,,tile,,CNF,configure-workspaces.png,ASSETS/THEMES/DEFAULT/IMAGES/COMMANDS/configure-workspaces.png,16x16 RGBA,ASSETS/THEMES/DEFAULT/IMAGES/COMMANDS/TOOLBOX/configure-workspaces.png,11x11 RGBA (optional),todo,
2402,Open Workspaces Folder,View,,tile,,OPN,open-workspaces-folder.png,ASSETS/THEMES/DEFAULT/IMAGES/COMMANDS/open-workspaces-folder.png,16x16 RGBA,ASSETS/THEMES/DEFAULT/IMAGES/COMMANDS/TOOLBOX/open-workspaces-folder.png,11x11 RGBA (optional),todo,
2403,Reload Workspaces,View,,tile,,RLD,reload-workspaces.png,ASSETS/THEMES/DEFAULT/IMAGES/COMMANDS/reload-workspaces.png,16x16 RGBA,ASSETS/THEMES/DEFAULT/IMAGES/COMMANDS/TOOLBOX/reload-workspaces.png,11x11 RGBA (optional),todo,
404,Toggle Layer Panel,View,Ctrl+L,tile,,LYR,toggle-layer-panel.png,ASSETS/THEMES/DEFAULT/IMAGES/COMMANDS/toggle-layer-panel.png,16x16 RGBA,ASSETS/THEMES/DEFAULT/IMAGES/COMMANDS/TOOLBOX/toggle-layer-panel.png,11x11 RGBA (optional),todo,
405,Reset Zoom,View,Ctrl+0,tile,,RST,reset-zoom.png,ASSETS/THEMES/DEFAULT/IMAGES/COMMANDS/reset-zoom.png,16x16 RGBA,ASSETS/THEMES/DEFAULT/IMAGES/COMMANDS/TOOLBOX/reset-zoom.png,11x11 RGBA (optional),todo,
406,Zoom In,View,Ctrl+=,tile,,ZMI,zoom-in.png,ASSETS/THEMES/DEFAULT/IMAGES/COMMANDS/zoom-in.png,16x16 RGBA,ASSETS/THEMES/DEFAULT/IMAGES/COMMANDS/TOOLBOX/zoom-in.png,11x11 RGBA (optional),todo,
407,Zoom Out,View,Ctrl+-,tile,,ZMO,zoom-out.png,ASSETS/THEMES/DEFAULT/IMAGES/COMMANDS/zoom-out.png,16x16 RGBA,ASSETS/THEMES/DEFAULT/IMAGES/COMMANDS/TOOLBOX/zoom-out.png,11x11 RGBA (optional),todo,
470,Pan Canvas Up,View,,tile,,PCN,pan-canvas-up.png,ASSETS/THEMES/DEFAULT/IMAGES/COMMANDS/pan-canvas-up.png,16x16 RGBA,ASSETS/THEMES/DEFAULT/IMAGES/COMMANDS/TOOLBOX/pan-canvas-up.png,11x11 RGBA (optional),todo,
471,Pan Canvas Down,View,,tile,,PCN,pan-canvas-down.png,ASSETS/THEMES/DEFAULT/IMAGES/COMMANDS/pan-canvas-down.png,16x16 RGBA,ASSETS/THEMES/DEFAULT/IMAGES/COMMANDS/TOOLBOX/pan-canvas-down.png,11x11 RGBA (optional),todo,
472,Pan Canvas Left,View,,tile,,PCN,pan-canvas-left.png,ASSETS/THEMES/DEFAULT/IMAGES/COMMANDS/pan-canvas-left.png,16x16 RGBA,ASSETS/THEMES/DEFAULT/IMAGES/COMMANDS/TOOLBOX/pan-canvas-left.png,11x11 RGBA (optional),todo,
473,Pan Canvas Right,View,,tile,,PCN,pan-canvas-right.png,ASSETS/THEMES/DEFAULT/IMAGES/COMMANDS/pan-canvas-right.png,16x16 RGBA,ASSETS/THEMES/DEFAULT/IMAGES/COMMANDS/TOOLBOX/pan-canvas-right.png,11x11 RGBA (optional),todo,
434,Preview Window,View,F4,bar icon (advanced bar),ASSETS/THEMES/DEFAULT/IMAGES/ADVANCEDBAR/preview-window.png,PRV,preview-window.png,ASSETS/THEMES/DEFAULT/IMAGES/COMMANDS/preview-window.png,16x16 RGBA,ASSETS/THEMES/DEFAULT/IMAGES/COMMANDS/TOOLBOX/preview-window.png,11x11 RGBA (optional),has art,
2021,Toggle Color Mixer,View,,tile,,CLR,toggle-color-mixer.png,ASSETS/THEMES/DEFAULT/IMAGES/COMMANDS/toggle-color-mixer.png,16x16 RGBA,ASSETS/THEMES/DEFAULT/IMAGES/COMMANDS/TOOLBOX/toggle-color-mixer.png,11x11 RGBA (optional),todo,
2023,Toggle Advanced Color Picker,View,Ctrl+Shift+M,tile,,ADV,toggle-advanced-color-picker.png,ASSETS/THEMES/DEFAULT/IMAGES/COMMANDS/toggle-advanced-color-picker.png,16x16 RGBA,ASSETS/THEMES/DEFAULT/IMAGES/COMMANDS/TOOLBOX/toggle-advanced-color-picker.png,11x11 RGBA (optional),todo,
2024,Toggle 3D Color Space,View,,tile,,3CL,toggle-3d-color-space.png,ASSETS/THEMES/DEFAULT/IMAGES/COMMANDS/toggle-3d-color-space.png,16x16 RGBA,ASSETS/THEMES/DEFAULT/IMAGES/COMMANDS/TOOLBOX/toggle-3d-color-space.png,11x11 RGBA (optional),todo,
2028,Toggle Pen Pressure Panel,View,,tile,,PPR,toggle-pen-pressure-panel.png,ASSETS/THEMES/DEFAULT/IMAGES/COMMANDS/toggle-pen-pressure-panel.png,16x16 RGBA,ASSETS/THEMES/DEFAULT/IMAGES/COMMANDS/TOOLBOX/toggle-pen-pressure-panel.png,11x11 RGBA (optional),todo,
2460,Customize Toolbars...,View,,tile,,CST,customize-toolbars.png,ASSETS/THEMES/DEFAULT/IMAGES/COMMANDS/customize-toolbars.png,16x16 RGBA,ASSETS/THEMES/DEFAULT/IMAGES/COMMANDS/TOOLBOX/customize-toolbars.png,11x11 RGBA (optional),todo,
2022,Toggle Browser,View,,tile,,BRW,toggle-browser.png,ASSETS/THEMES/DEFAULT/IMAGES/COMMANDS/toggle-browser.png,16x16 RGBA,ASSETS/THEMES/DEFAULT/IMAGES/COMMANDS/TOOLBOX/toggle-browser.png,11x11 RGBA (optional),todo,
435,Toggle Edit Bar,View,F5,bar icon (advanced bar),ASSETS/THEMES/DEFAULT/IMAGES/ADVANCEDBAR/edit-bar.png,EDT,toggle-edit-bar.png,ASSETS/THEMES/DEFAULT/IMAGES/COMMANDS/toggle-edit-bar.png,16x16 RGBA,ASSETS/THEMES/DEFAULT/IMAGES/COMMANDS/TOOLBOX/toggle-edit-bar.png,11x11 RGBA (optional),has art,
449,Toggle Advanced Bar,View,Shift+F5,tile,,ADV,toggle-advanced-bar.png,ASSETS/THEMES/DEFAULT/IMAGES/COMMANDS/toggle-advanced-bar.png,16x16 RGBA,ASSETS/THEMES/DEFAULT/IMAGES/COMMANDS/TOOLBOX/toggle-advanced-bar.png,11x11 RGBA (optional),todo,
452,Reload Theme,View,Ctrl+Shift+F5,tile,,RLD,reload-theme.png,ASSETS/THEMES/DEFAULT/IMAGES/COMMANDS/reload-theme.png,16x16 RGBA,ASSETS/THEMES/DEFAULT/IMAGES/COMMANDS/TOOLBOX/reload-theme.png,11x11 RGBA (optional),todo,
450,Advanced Bar Dock Left,View,,tile,,ADV,advanced-bar-dock-left.png,ASSETS/THEMES/DEFAULT/IMAGES/COMMANDS/advanced-bar-dock-left.png,16x16 RGBA,ASSETS/THEMES/DEFAULT/IMAGES/COMMANDS/TOOLBOX/advanced-bar-dock-left.png,11x11 RGBA (optional),todo,
451,Advanced Bar Dock Right,View,,tile,,ADV,advanced-bar-dock-right.png,ASSETS/THEMES/DEFAULT/IMAGES/COMMANDS/advanced-bar-dock-right.png,16x16 RGBA,ASSETS/THEMES/DEFAULT/IMAGES/COMMANDS/TOOLBOX/advanced-bar-dock-right.png,11x11 RGBA (optional),todo,
436,Hide/Show Left Side UI,View,Ctrl+Shift+Left,tile,,HDS,hide-show-left-side-ui.png,ASSETS/THEMES/DEFAULT/IMAGES/COMMANDS/hide-show-left-side-ui.png,16x16 RGBA,ASSETS/THEMES/DEFAULT/IMAGES/COMMANDS/TOOLBOX/hide-show-left-side-ui.png,11x11 RGBA (optional),todo,
437,Hide/Show Right Side UI,View,Ctrl+Shift+Right,tile,,HDS,hide-show-right-side-ui.png,ASSETS/THEMES/DEFAULT/IMAGES/COMMANDS/hide-show-right-side-ui.png,16x16 RGBA,ASSETS/THEMES/DEFAULT/IMAGES/COMMANDS/TOOLBOX/hide-show-right-side-ui.png,11x11 RGBA (optional),todo,
438,Hide/Show Menu Bar,View,Ctrl+Shift+Up,tile,,HDS,hide-show-menu-bar.png,ASSETS/THEMES/DEFAULT/IMAGES/COMMANDS/hide-show-menu-bar.png,16x16 RGBA,ASSETS/THEMES/DEFAULT/IMAGES/COMMANDS/TOOLBOX/hide-show-menu-bar.png,11x11 RGBA (optional),todo,
439,Hide/Show Status/Colors,View,Ctrl+Shift+Down,tile,,HDS,hide-show-status-colors.png,ASSETS/THEMES/DEFAULT/IMAGES/COMMANDS/hide-show-status-colors.png,16x16 RGBA,ASSETS/THEMES/DEFAULT/IMAGES/COMMANDS/TOOLBOX/hide-show-status-colors.png,11x11 RGBA (optional),todo,
440,Pattern Tile Mode,View,,bar icon (advanced bar),ASSETS/THEMES/DEFAULT/IMAGES/ADVANCEDBAR/tile-mode.png,PTR,pattern-tile-mode.png,ASSETS/THEMES/DEFAULT/IMAGES/COMMANDS/pattern-tile-mode.png,16x16 RGBA,ASSETS/THEMES/DEFAULT/IMAGES/COMMANDS/TOOLBOX/pattern-tile-mode.png,11x11 RGBA (optional),has art,
441,Toggle Canvas Border,View,#,tile,,CNV,toggle-canvas-border.png,ASSETS/THEMES/DEFAULT/IMAGES/COMMANDS/toggle-canvas-border.png,16x16 RGBA,ASSETS/THEMES/DEFAULT/IMAGES/COMMANDS/TOOLBOX/toggle-canvas-border.png,11x11 RGBA (optional),todo,
453,Toggle Fullscreen,View,Alt+Enter,tile,,FLS,toggle-fullscreen.png,ASSETS/THEMES/DEFAULT/IMAGES/COMMANDS/toggle-fullscreen.png,16x16 RGBA,ASSETS/THEMES/DEFAULT/IMAGES/COMMANDS/TOOLBOX/toggle-fullscreen.png,11x11 RGBA (optional),todo,
950,Toggle CRT Effect,View,Ctrl+Alt+O,tile,,CEF,toggle-crt-effect.png,ASSETS/THEMES/DEFAULT/IMAGES/COMMANDS/toggle-crt-effect.png,16x16 RGBA,ASSETS/THEMES/DEFAULT/IMAGES/COMMANDS/TOOLBOX/toggle-crt-effect.png,11x11 RGBA (optional),todo,
951,CRT Effect Settings...,View,,tile,,CEF,crt-effect-settings.png,ASSETS/THEMES/DEFAULT/IMAGES/COMMANDS/crt-effect-settings.png,16x16 RGBA,ASSETS/THEMES/DEFAULT/IMAGES/COMMANDS/TOOLBOX/crt-effect-settings.png,11x11 RGBA (optional),todo,
952,Toggle CRT Scanlines,View,,tile,,CSC,toggle-crt-scanlines.png,ASSETS/THEMES/DEFAULT/IMAGES/COMMANDS/toggle-crt-scanlines.png,16x16 RGBA,ASSETS/THEMES/DEFAULT/IMAGES/COMMANDS/TOOLBOX/toggle-crt-scanlines.png,11x11 RGBA (optional),todo,
953,Toggle CRT Phosphor Mask,View,,tile,,CPH,toggle-crt-phosphor-mask.png,ASSETS/THEMES/DEFAULT/IMAGES/COMMANDS/toggle-crt-phosphor-mask.png,16x16 RGBA,ASSETS/THEMES/DEFAULT/IMAGES/COMMANDS/TOOLBOX/toggle-crt-phosphor-mask.png,11x11 RGBA (optional),todo,
954,Toggle CRT Vignette,View,,tile,,CVG,toggle-crt-vignette.png,ASSETS/THEMES/DEFAULT/IMAGES/COMMANDS/toggle-crt-vignette.png,16x16 RGBA,ASSETS/THEMES/DEFAULT/IMAGES/COMMANDS/TOOLBOX/toggle-crt-vignette.png,11x11 RGBA (optional),todo,
955,Toggle CRT Vertical Scanlines,View,,tile,,CVR,toggle-crt-vertical-scanlines.png,ASSETS/THEMES/DEFAULT/IMAGES/COMMANDS/toggle-crt-vertical-scanlines.png,16x16 RGBA,ASSETS/THEMES/DEFAULT/IMAGES/COMMANDS/TOOLBOX/toggle-crt-vertical-scanlines.png,11x11 RGBA (optional),todo,
957,Cycle CRT Tint,View,,tile,,CYC,cycle-crt-tint.png,ASSETS/THEMES/DEFAULT/IMAGES/COMMANDS/cycle-crt-tint.png,16x16 RGBA,ASSETS/THEMES/DEFAULT/IMAGES/COMMANDS/TOOLBOX/cycle-crt-tint.png,11x11 RGBA (optional),todo,
442,Layout Submenu,View,,tile,,LYT,layout-submenu.png,ASSETS/THEMES/DEFAULT/IMAGES/COMMANDS/layout-submenu.png,16x16 RGBA,ASSETS/THEMES/DEFAULT/IMAGES/COMMANDS/TOOLBOX/layout-submenu.png,11x11 RGBA (optional),todo,
443,Toolbox Dock Left,View,Ctrl+Shift+L-Click,tile,,TLB,toolbox-dock-left.png,ASSETS/THEMES/DEFAULT/IMAGES/COMMANDS/toolbox-dock-left.png,16x16 RGBA,ASSETS/THEMES/DEFAULT/IMAGES/COMMANDS/TOOLBOX/toolbox-dock-left.png,11x11 RGBA (optional),todo,
444,Toolbox Dock Right,View,Ctrl+Shift+L-Click,tile,,TLB,toolbox-dock-right.png,ASSETS/THEMES/DEFAULT/IMAGES/COMMANDS/toolbox-dock-right.png,16x16 RGBA,ASSETS/THEMES/DEFAULT/IMAGES/COMMANDS/TOOLBOX/toolbox-dock-right.png,11x11 RGBA (optional),todo,
445,Layer Panel Dock Left,View,Ctrl+Shift+L-Click,tile,,LYR,layer-panel-dock-left.png,ASSETS/THEMES/DEFAULT/IMAGES/COMMANDS/layer-panel-dock-left.png,16x16 RGBA,ASSETS/THEMES/DEFAULT/IMAGES/COMMANDS/TOOLBOX/layer-panel-dock-left.png,11x11 RGBA (optional),todo,
446,Layer Panel Dock Right,View,Ctrl+Shift+L-Click,tile,,LYR,layer-panel-dock-right.png,ASSETS/THEMES/DEFAULT/IMAGES/COMMANDS/layer-panel-dock-right.png,16x16 RGBA,ASSETS/THEMES/DEFAULT/IMAGES/COMMANDS/TOOLBOX/layer-panel-dock-right.png,11x11 RGBA (optional),todo,
447,Edit Bar Dock Left,View,Ctrl+Shift+L-Click,tile,,EDT,edit-bar-dock-left.png,ASSETS/THEMES/DEFAULT/IMAGES/COMMANDS/edit-bar-dock-left.png,16x16 RGBA,ASSETS/THEMES/DEFAULT/IMAGES/COMMANDS/TOOLBOX/edit-bar-dock-left.png,11x11 RGBA (optional),todo,
448,Edit Bar Dock Right,View,Ctrl+Shift+L-Click,tile,,EDT,edit-bar-dock-right.png,ASSETS/THEMES/DEFAULT/IMAGES/COMMANDS/edit-bar-dock-right.png,16x16 RGBA,ASSETS/THEMES/DEFAULT/IMAGES/COMMANDS/TOOLBOX/edit-bar-dock-right.png,11x11 RGBA (optional),todo,
2050,Toggle Character Map,View,Ctrl+M,bar icon (advanced bar),ASSETS/THEMES/DEFAULT/IMAGES/ADVANCEDBAR/char-map.png,CHR,toggle-character-map.png,ASSETS/THEMES/DEFAULT/IMAGES/COMMANDS/toggle-character-map.png,16x16 RGBA,ASSETS/THEMES/DEFAULT/IMAGES/COMMANDS/TOOLBOX/toggle-character-map.png,11x11 RGBA (optional),has art,
2051,Character Map Dock Left,View,Ctrl+Shift+L-Click,tile,,CHR,character-map-dock-left.png,ASSETS/THEMES/DEFAULT/IMAGES/COMMANDS/character-map-dock-left.png,16x16 RGBA,ASSETS/THEMES/DEFAULT/IMAGES/COMMANDS/TOOLBOX/character-map-dock-left.png,11x11 RGBA (optional),todo,
2052,Character Map Dock Right,View,Ctrl+Shift+L-Click,tile,,CHR,character-map-dock-right.png,ASSETS/THEMES/DEFAULT/IMAGES/COMMANDS/character-map-dock-right.png,16x16 RGBA,ASSETS/THEMES/DEFAULT/IMAGES/COMMANDS/TOOLBOX/character-map-dock-right.png,11x11 RGBA (optional),todo,
2053,Toggle Char Grid,View,,bar icon (advanced bar),ASSETS/THEMES/DEFAULT/IMAGES/ADVANCEDBAR/char-grid.png,CHR,toggle-char-grid.png,ASSETS/THEMES/DEFAULT/IMAGES/COMMANDS/toggle-char-grid.png,16x16 RGBA,ASSETS/THEMES/DEFAULT/IMAGES/COMMANDS/TOOLBOX/toggle-char-grid.png,11x11 RGBA (optional),has art,
2054,Toggle Snap to Char Grid,View,,bar icon (advanced bar),ASSETS/THEMES/DEFAULT/IMAGES/ADVANCEDBAR/char-grid-snap.png,SNP,toggle-snap-to-char-grid.png,ASSETS/THEMES/DEFAULT/IMAGES/COMMANDS/toggle-snap-to-char-grid.png,16x16 RGBA,ASSETS/THEMES/DEFAULT/IMAGES/COMMANDS/TOOLBOX/toggle-snap-to-char-grid.png,11x11 RGBA (optional),has art,
2055,Charmap Unicode/CP437 Toggle,View,,tile,,CHR,charmap-unicode-cp437-toggle.png,ASSETS/THEMES/DEFAULT/IMAGES/COMMANDS/charmap-unicode-cp437-toggle.png,16x16 RGBA,ASSETS/THEMES/DEFAULT/IMAGES/COMMANDS/TOOLBOX/charmap-unicode-cp437-toggle.png,11x11 RGBA (optional),todo,
2056,Charmap Unicode Next Page,View,,tile,,CHR,charmap-unicode-next-page.png,ASSETS/THEMES/DEFAULT/IMAGES/COMMANDS/charmap-unicode-next-page.png,16x16 RGBA,ASSETS/THEMES/DEFAULT/IMAGES/COMMANDS/TOOLBOX/charmap-unicode-next-page.png,11x11 RGBA (optional),todo,
2057,Charmap Unicode Prev Page,View,,tile,,CHR,charmap-unicode-prev-page.png,ASSETS/THEMES/DEFAULT/IMAGES/COMMANDS/charmap-unicode-prev-page.png,16x16 RGBA,ASSETS/THEMES/DEFAULT/IMAGES/COMMANDS/TOOLBOX/charmap-unicode-prev-page.png,11x11 RGBA (optional),todo,
410,Show Crosshair,View,Hold Shift,tile,,CRS,show-crosshair.png,ASSETS/THEMES/DEFAULT/IMAGES/COMMANDS/show-crosshair.png,16x16 RGBA,ASSETS/THEMES/DEFAULT/IMAGES/COMMANDS/TOOLBOX/show-crosshair.png,11x11 RGBA (optional),todo,
414,Angle Snap: Degrees,View,,bar icon (advanced bar),ASSETS/THEMES/DEFAULT/IMAGES/ADVANCEDBAR/angle-snap.png,ANG,angle-snap-degrees.png,ASSETS/THEMES/DEFAULT/IMAGES/COMMANDS/angle-snap-degrees.png,16x16 RGBA,ASSETS/THEMES/DEFAULT/IMAGES/COMMANDS/TOOLBOX/angle-snap-degrees.png,11x11 RGBA (optional),has art,
415,Angle Snap: Pixel Art,View,,tile,,ANG,angle-snap-pixel-art.png,ASSETS/THEMES/DEFAULT/IMAGES/COMMANDS/angle-snap-pixel-art.png,16x16 RGBA,ASSETS/THEMES/DEFAULT/IMAGES/COMMANDS/TOOLBOX/angle-snap-pixel-art.png,11x11 RGBA (optional),todo,
2012,Preview Window Submenu,View,,tile,,PRV,preview-window-submenu.png,ASSETS/THEMES/DEFAULT/IMAGES/COMMANDS/preview-window-submenu.png,16x16 RGBA,ASSETS/THEMES/DEFAULT/IMAGES/COMMANDS/TOOLBOX/preview-window-submenu.png,11x11 RGBA (optional),todo,
2013,Preview: Follow Mode,View,,tile,,PRV,preview-follow-mode.png,ASSETS/THEMES/DEFAULT/IMAGES/COMMANDS/preview-follow-mode.png,16x16 RGBA,ASSETS/THEMES/DEFAULT/IMAGES/COMMANDS/TOOLBOX/preview-follow-mode.png,11x11 RGBA (optional),todo,
2014,Preview: Floating Image Mode,View,,tile,,PRV,preview-floating-image-mode.png,ASSETS/THEMES/DEFAULT/IMAGES/COMMANDS/preview-floating-image-mode.png,16x16 RGBA,ASSETS/THEMES/DEFAULT/IMAGES/COMMANDS/TOOLBOX/preview-floating-image-mode.png,11x11 RGBA (optional),todo,
2015,Preview: Bin Quick Look,View,,tile,,PRV,preview-bin-quick-look.png,ASSETS/THEMES/DEFAULT/IMAGES/COMMANDS/preview-bin-quick-look.png,16x16 RGBA,ASSETS/THEMES/DEFAULT/IMAGES/COMMANDS/TOOLBOX/preview-bin-quick-look.png,11x11 RGBA (optional),todo,
2016,Preview: Allow Color Picking,View,,tile,,PRV,preview-allow-color-picking.png,ASSETS/THEMES/DEFAULT/IMAGES/COMMANDS/preview-allow-color-picking.png,16x16 RGBA,ASSETS/THEMES/DEFAULT/IMAGES/COMMANDS/TOOLBOX/preview-allow-color-picking.png,11x11 RGBA (optional),todo,
2017,Preview: Load Image...,View,,tile,,PRV,preview-load-image.png,ASSETS/THEMES/DEFAULT/IMAGES/COMMANDS/preview-load-image.png,16x16 RGBA,ASSETS/THEMES/DEFAULT/IMAGES/COMMANDS/TOOLBOX/preview-load-image.png,11x11 RGBA (optional),todo,
2018,Preview: Recent Images,View,,tile,,PRV,preview-recent-images.png,ASSETS/THEMES/DEFAULT/IMAGES/COMMANDS/preview-recent-images.png,16x16 RGBA,ASSETS/THEMES/DEFAULT/IMAGES/COMMANDS/TOOLBOX/preview-recent-images.png,11x11 RGBA (optional),todo,
2019,Preview: Clear Recent Images,View,,tile,,PRV,preview-clear-recent-images.png,ASSETS/THEMES/DEFAULT/IMAGES/COMMANDS/preview-clear-recent-images.png,16x16 RGBA,ASSETS/THEMES/DEFAULT/IMAGES/COMMANDS/TOOLBOX/preview-clear-recent-images.png,11x11 RGBA (optional),todo,
2020,Grayscale Preview,View,Ctrl+Alt+Shift+G,bar icon (advanced bar),ASSETS/THEMES/DEFAULT/IMAGES/ADVANCEDBAR/grayscale.png,GRY,grayscale-preview.png,ASSETS/THEMES/DEFAULT/IMAGES/COMMANDS/grayscale-preview.png,16x16 RGBA,ASSETS/THEMES/DEFAULT/IMAGES/COMMANDS/TOOLBOX/grayscale-preview.png,11x11 RGBA (optional),has art,
909,Fill Adjustment Mode,View,F8,bar icon (advanced bar),ASSETS/THEMES/DEFAULT/IMAGES/ADVANCEDBAR/fill-adjust.png,FLA,fill-adjustment-mode.png,ASSETS/THEMES/DEFAULT/IMAGES/COMMANDS/fill-adjustment-mode.png,16x16 RGBA,ASSETS/THEMES/DEFAULT/IMAGES/COMMANDS/TOOLBOX/fill-adjustment-mode.png,11x11 RGBA (optional),has art,
501,Opacity 10%,Color,1,tile,,OPC,opacity-10.png,ASSETS/THEMES/DEFAULT/IMAGES/COMMANDS/opacity-10.png,16x16 RGBA,ASSETS/THEMES/DEFAULT/IMAGES/COMMANDS/TOOLBOX/opacity-10.png,11x11 RGBA (optional),todo,
502,Opacity 20%,Color,2,tile,,OPC,opacity-20.png,ASSETS/THEMES/DEFAULT/IMAGES/COMMANDS/opacity-20.png,16x16 RGBA,ASSETS/THEMES/DEFAULT/IMAGES/COMMANDS/TOOLBOX/opacity-20.png,11x11 RGBA (optional),todo,
503,Opacity 30%,Color,3,tile,,OPC,opacity-30.png,ASSETS/THEMES/DEFAULT/IMAGES/COMMANDS/opacity-30.png,16x16 RGBA,ASSETS/THEMES/DEFAULT/IMAGES/COMMANDS/TOOLBOX/opacity-30.png,11x11 RGBA (optional),todo,
504,Opacity 40%,Color,4,tile,,OPC,opacity-40.png,ASSETS/THEMES/DEFAULT/IMAGES/COMMANDS/opacity-40.png,16x16 RGBA,ASSETS/THEMES/DEFAULT/IMAGES/COMMANDS/TOOLBOX/opacity-40.png,11x11 RGBA (optional),todo,
505,Opacity 50%,Color,5,tile,,OPC,opacity-50.png,ASSETS/THEMES/DEFAULT/IMAGES/COMMANDS/opacity-50.png,16x16 RGBA,ASSETS/THEMES/DEFAULT/IMAGES/COMMANDS/TOOLBOX/opacity-50.png,11x11 RGBA (optional),todo,
506,Opacity 60%,Color,6,tile,,OPC,opacity-60.png,ASSETS/THEMES/DEFAULT/IMAGES/COMMANDS/opacity-60.png,16x16 RGBA,ASSETS/THEMES/DEFAULT/IMAGES/COMMANDS/TOOLBOX/opacity-60.png,11x11 RGBA (optional),todo,
507,Opacity 70%,Color,7,tile,,OPC,opacity-70.png,ASSETS/THEMES/DEFAULT/IMAGES/COMMANDS/opacity-70.png,16x16 RGBA,ASSETS/THEMES/DEFAULT/IMAGES/COMMANDS/TOOLBOX/opacity-70.png,11x11 RGBA (optional),todo,
508,Opacity 80%,Color,8,tile,,OPC,opacity-80.png,ASSETS/THEMES/DEFAULT/IMAGES/COMMANDS/opacity-80.png,16x16 RGBA,ASSETS/THEMES/DEFAULT/IMAGES/COMMANDS/TOOLBOX/opacity-80.png,11x11 RGBA (optional),todo,
509,Opacity 90%,Color,9,tile,,OPC,opacity-90.png,ASSETS/THEMES/DEFAULT/IMAGES/COMMANDS/opacity-90.png,16x16 RGBA,ASSETS/THEMES/DEFAULT/IMAGES/COMMANDS/TOOLBOX/opacity-90.png,11x11 RGBA (optional),todo,
510,Opacity 100%,Color,0,tile,,OPC,opacity-100.png,ASSETS/THEMES/DEFAULT/IMAGES/COMMANDS/opacity-100.png,16x16 RGBA,ASSETS/THEMES/DEFAULT/IMAGES/COMMANDS/TOOLBOX/opacity-100.png,11x11 RGBA (optional),todo,
517,Swap FG/BG Colors,Color,X,tile,,SWP,swap-fg-bg-colors.png,ASSETS/THEMES/DEFAULT/IMAGES/COMMANDS/swap-fg-bg-colors.png,16x16 RGBA,ASSETS/THEMES/DEFAULT/IMAGES/COMMANDS/TOOLBOX/swap-fg-bg-colors.png,11x11 RGBA (optional),todo,
2025,Generate OKLCh Ramp from FG,Color,,tile,,GNR,generate-oklch-ramp-from-fg.png,ASSETS/THEMES/DEFAULT/IMAGES/COMMANDS/generate-oklch-ramp-from-fg.png,16x16 RGBA,ASSETS/THEMES/DEFAULT/IMAGES/COMMANDS/TOOLBOX/generate-oklch-ramp-from-fg.png,11x11 RGBA (optional),todo,
2026,Toggle Mix Brush (Pigment),Color,,tile,,MBR,toggle-mix-brush-pigment.png,ASSETS/THEMES/DEFAULT/IMAGES/COMMANDS/toggle-mix-brush-pigment.png,16x16 RGBA,ASSETS/THEMES/DEFAULT/IMAGES/COMMANDS/TOOLBOX/toggle-mix-brush-pigment.png,11x11 RGBA (optional),todo,
2027,Generate Pigment Mix FG > BG,Color,,tile,,GNR,generate-pigment-mix-fg-bg.png,ASSETS/THEMES/DEFAULT/IMAGES/COMMANDS/generate-pigment-mix-fg-bg.png,16x16 RGBA,ASSETS/THEMES/DEFAULT/IMAGES/COMMANDS/TOOLBOX/generate-pigment-mix-fg-bg.png,11x11 RGBA (optional),todo,
2060,Toggle Color Cycling,Color,Shift+Tab,tile,,CLR,toggle-color-cycling.png,ASSETS/THEMES/DEFAULT/IMAGES/COMMANDS/toggle-color-cycling.png,16x16 RGBA,ASSETS/THEMES/DEFAULT/IMAGES/COMMANDS/TOOLBOX/toggle-color-cycling.png,11x11 RGBA (optional),todo,
2061,Color Cycling: Range From Marked Chips,Color,,tile,,CLR,color-cycling-range-from-marked-chips.png,ASSETS/THEMES/DEFAULT/IMAGES/COMMANDS/color-cycling-range-from-marked-chips.png,16x16 RGBA,ASSETS/THEMES/DEFAULT/IMAGES/COMMANDS/TOOLBOX/color-cycling-range-from-marked-chips.png,11x11 RGBA (optional),todo,
2062,Color Cycling: Delete Range,Color,,tile,,CLR,color-cycling-delete-range.png,ASSETS/THEMES/DEFAULT/IMAGES/COMMANDS/color-cycling-delete-range.png,16x16 RGBA,ASSETS/THEMES/DEFAULT/IMAGES/COMMANDS/TOOLBOX/color-cycling-delete-range.png,11x11 RGBA (optional),todo,
2063,Color Cycling: Clear All Ranges,Color,,tile,,CLR,color-cycling-clear-all-ranges.png,ASSETS/THEMES/DEFAULT/IMAGES/COMMANDS/color-cycling-clear-all-ranges.png,16x16 RGBA,ASSETS/THEMES/DEFAULT/IMAGES/COMMANDS/TOOLBOX/color-cycling-clear-all-ranges.png,11x11 RGBA (optional),todo,
2064,Color Cycling: Change Direction,Color,,tile,,CLR,color-cycling-change-direction.png,ASSETS/THEMES/DEFAULT/IMAGES/COMMANDS/color-cycling-change-direction.png,16x16 RGBA,ASSETS/THEMES/DEFAULT/IMAGES/COMMANDS/TOOLBOX/color-cycling-change-direction.png,11x11 RGBA (optional),todo,
2065,Color Cycling: Pause/Resume Range,Color,,tile,,CLR,color-cycling-pause-resume-range.png,ASSETS/THEMES/DEFAULT/IMAGES/COMMANDS/color-cycling-pause-resume-range.png,16x16 RGBA,ASSETS/THEMES/DEFAULT/IMAGES/COMMANDS/TOOLBOX/color-cycling-pause-resume-range.png,11x11 RGBA (optional),todo,
2066,Color Cycling: Faster,Color,,tile,,CLR,color-cycling-faster.png,ASSETS/THEMES/DEFAULT/IMAGES/COMMANDS/color-cycling-faster.png,16x16 RGBA,ASSETS/THEMES/DEFAULT/IMAGES/COMMANDS/TOOLBOX/color-cycling-faster.png,11x11 RGBA (optional),todo,
2067,Color Cycling: Slower,Color,,tile,,CLR,color-cycling-slower.png,ASSETS/THEMES/DEFAULT/IMAGES/COMMANDS/color-cycling-slower.png,16x16 RGBA,ASSETS/THEMES/DEFAULT/IMAGES/COMMANDS/TOOLBOX/color-cycling-slower.png,11x11 RGBA (optional),todo,
2068,Color Cycling: Restart All,Color,,tile,,CLR,color-cycling-restart-all.png,ASSETS/THEMES/DEFAULT/IMAGES/COMMANDS/color-cycling-restart-all.png,16x16 RGBA,ASSETS/THEMES/DEFAULT/IMAGES/COMMANDS/TOOLBOX/color-cycling-restart-all.png,11x11 RGBA (optional),todo,
2069,Color Cycling: Check Duplicate Colors,Color,,tile,,CLR,color-cycling-check-duplicate-colors.png,ASSETS/THEMES/DEFAULT/IMAGES/COMMANDS/color-cycling-check-duplicate-colors.png,16x16 RGBA,ASSETS/THEMES/DEFAULT/IMAGES/COMMANDS/TOOLBOX/color-cycling-check-duplicate-colors.png,11x11 RGBA (optional),todo,
518,Default Colors (White/Black),Color,,tile,,DFL,default-colors-white-black.png,ASSETS/THEMES/DEFAULT/IMAGES/COMMANDS/default-colors-white-black.png,16x16 RGBA,ASSETS/THEMES/DEFAULT/IMAGES/COMMANDS/TOOLBOX/default-colors-white-black.png,11x11 RGBA (optional),todo,
519,Set BG Transparent,Color,Shift+Delete,tile,,SBG,set-bg-transparent.png,ASSETS/THEMES/DEFAULT/IMAGES/COMMANDS/set-bg-transparent.png,16x16 RGBA,ASSETS/THEMES/DEFAULT/IMAGES/COMMANDS/TOOLBOX/set-bg-transparent.png,11x11 RGBA (optional),todo,
601,Decrease Brush Size,Brush,[ or {,tile,,DCR,decrease-brush-size.png,ASSETS/THEMES/DEFAULT/IMAGES/COMMANDS/decrease-brush-size.png,16x16 RGBA,ASSETS/THEMES/DEFAULT/IMAGES/COMMANDS/TOOLBOX/decrease-brush-size.png,11x11 RGBA (optional),todo,
602,Increase Brush Size,Brush,] or },tile,,INC,increase-brush-size.png,ASSETS/THEMES/DEFAULT/IMAGES/COMMANDS/increase-brush-size.png,16x16 RGBA,ASSETS/THEMES/DEFAULT/IMAGES/COMMANDS/TOOLBOX/increase-brush-size.png,11x11 RGBA (optional),todo,
603,Color Mode,Brush,F1,tile,,CLR,color-mode.png,ASSETS/THEMES/DEFAULT/IMAGES/COMMANDS/color-mode.png,16x16 RGBA,ASSETS/THEMES/DEFAULT/IMAGES/COMMANDS/TOOLBOX/color-mode.png,11x11 RGBA (optional),todo,
604,Gradient Mode,Brush,F2,tile,,GRD,gradient-mode.png,ASSETS/THEMES/DEFAULT/IMAGES/COMMANDS/gradient-mode.png,16x16 RGBA,ASSETS/THEMES/DEFAULT/IMAGES/COMMANDS/TOOLBOX/gradient-mode.png,11x11 RGBA (optional),todo,
605,Pattern Mode,Brush,F3,tile,,PTR,pattern-mode.png,ASSETS/THEMES/DEFAULT/IMAGES/COMMANDS/pattern-mode.png,16x16 RGBA,ASSETS/THEMES/DEFAULT/IMAGES/COMMANDS/TOOLBOX/pattern-mode.png,11x11 RGBA (optional),todo,
606,Brush Preset 4,Brush,,tile,,BRS,brush-preset-4.png,ASSETS/THEMES/DEFAULT/IMAGES/COMMANDS/brush-preset-4.png,16x16 RGBA,ASSETS/THEMES/DEFAULT/IMAGES/COMMANDS/TOOLBOX/brush-preset-4.png,11x11 RGBA (optional),todo,
607,Toggle Brush Preview,Brush,` or ~,bar icon (advanced bar),ASSETS/THEMES/DEFAULT/IMAGES/ADVANCEDBAR/brush-grid-size.png,BRS,toggle-brush-preview.png,ASSETS/THEMES/DEFAULT/IMAGES/COMMANDS/toggle-brush-preview.png,16x16 RGBA,ASSETS/THEMES/DEFAULT/IMAGES/COMMANDS/TOOLBOX/toggle-brush-preview.png,11x11 RGBA (optional),has art,
608,Toggle Brush Shape,Brush,\ or |,tile,,BRS,toggle-brush-shape.png,ASSETS/THEMES/DEFAULT/IMAGES/COMMANDS/toggle-brush-shape.png,16x16 RGBA,ASSETS/THEMES/DEFAULT/IMAGES/COMMANDS/TOOLBOX/toggle-brush-shape.png,11x11 RGBA (optional),todo,
609,Toggle Pixel Perfect,Brush,F6,tile,,PXL,toggle-pixel-perfect.png,ASSETS/THEMES/DEFAULT/IMAGES/COMMANDS/toggle-pixel-perfect.png,16x16 RGBA,ASSETS/THEMES/DEFAULT/IMAGES/COMMANDS/TOOLBOX/toggle-pixel-perfect.png,11x11 RGBA (optional),todo,
219,Extract To Layers From Grid,Layer,,tile,,EXT,extract-to-layers-from-grid.png,ASSETS/THEMES/DEFAULT/IMAGES/COMMANDS/extract-to-layers-from-grid.png,16x16 RGBA,ASSETS/THEMES/DEFAULT/IMAGES/COMMANDS/TOOLBOX/extract-to-layers-from-grid.png,11x11 RGBA (optional),todo,
701,New Layer,Layer,Ctrl+Shift+N,tile,,NLY,new-layer.png,ASSETS/THEMES/DEFAULT/IMAGES/COMMANDS/new-layer.png,16x16 RGBA,ASSETS/THEMES/DEFAULT/IMAGES/COMMANDS/TOOLBOX/new-layer.png,11x11 RGBA (optional),todo,
702,Delete Layer,Layer,Ctrl+Shift+Delete,tile,,DLT,delete-layer.png,ASSETS/THEMES/DEFAULT/IMAGES/COMMANDS/delete-layer.png,16x16 RGBA,ASSETS/THEMES/DEFAULT/IMAGES/COMMANDS/TOOLBOX/delete-layer.png,11x11 RGBA (optional),todo,
703,Move Layer Up,Layer,Ctrl+PgUp,tile,,MVL,move-layer-up.png,ASSETS/THEMES/DEFAULT/IMAGES/COMMANDS/move-layer-up.png,16x16 RGBA,ASSETS/THEMES/DEFAULT/IMAGES/COMMANDS/TOOLBOX/move-layer-up.png,11x11 RGBA (optional),todo,
704,Move Layer Down,Layer,Ctrl+PgDn,tile,,MVL,move-layer-down.png,ASSETS/THEMES/DEFAULT/IMAGES/COMMANDS/move-layer-down.png,16x16 RGBA,ASSETS/THEMES/DEFAULT/IMAGES/COMMANDS/TOOLBOX/move-layer-down.png,11x11 RGBA (optional),todo,
705,Merge Layer Down,Layer,Ctrl+Alt+E,tile,,MRG,merge-layer-down.png,ASSETS/THEMES/DEFAULT/IMAGES/COMMANDS/merge-layer-down.png,16x16 RGBA,ASSETS/THEMES/DEFAULT/IMAGES/COMMANDS/TOOLBOX/merge-layer-down.png,11x11 RGBA (optional),todo,
706,Merge All Visible,Layer,Ctrl+Alt+Shift+E,tile,,MRG,merge-all-visible.png,ASSETS/THEMES/DEFAULT/IMAGES/COMMANDS/merge-all-visible.png,16x16 RGBA,ASSETS/THEMES/DEFAULT/IMAGES/COMMANDS/TOOLBOX/merge-all-visible.png,11x11 RGBA (optional),todo,
711,Merge Selected Layers,Layer,,tile,,MRG,merge-selected-layers.png,ASSETS/THEMES/DEFAULT/IMAGES/COMMANDS/merge-selected-layers.png,16x16 RGBA,ASSETS/THEMES/DEFAULT/IMAGES/COMMANDS/TOOLBOX/merge-selected-layers.png,11x11 RGBA (optional),todo,
707,Duplicate Layer,Layer,Ctrl+Shift+D,tile,,DPL,duplicate-layer.png,ASSETS/THEMES/DEFAULT/IMAGES/COMMANDS/duplicate-layer.png,16x16 RGBA,ASSETS/THEMES/DEFAULT/IMAGES/COMMANDS/TOOLBOX/duplicate-layer.png,11x11 RGBA (optional),todo,
715,Copy Layer,Layer,Ctrl+Alt+Shift+C,tile,,CPY,copy-layer.png,ASSETS/THEMES/DEFAULT/IMAGES/COMMANDS/copy-layer.png,16x16 RGBA,ASSETS/THEMES/DEFAULT/IMAGES/COMMANDS/TOOLBOX/copy-layer.png,11x11 RGBA (optional),todo,
716,Paste Layer,Layer,Ctrl+Alt+Shift+V,tile,,PST,paste-layer.png,ASSETS/THEMES/DEFAULT/IMAGES/COMMANDS/paste-layer.png,16x16 RGBA,ASSETS/THEMES/DEFAULT/IMAGES/COMMANDS/TOOLBOX/paste-layer.png,11x11 RGBA (optional),todo,
717,Send Layer to Other Window,Layer,,tile,,SND,send-layer-to-other-window.png,ASSETS/THEMES/DEFAULT/IMAGES/COMMANDS/send-layer-to-other-window.png,16x16 RGBA,ASSETS/THEMES/DEFAULT/IMAGES/COMMANDS/TOOLBOX/send-layer-to-other-window.png,11x11 RGBA (optional),todo,
712,New Text Layer,Layer,,tile,,NTX,new-text-layer.png,ASSETS/THEMES/DEFAULT/IMAGES/COMMANDS/new-text-layer.png,16x16 RGBA,ASSETS/THEMES/DEFAULT/IMAGES/COMMANDS/TOOLBOX/new-text-layer.png,11x11 RGBA (optional),todo,
713,Rasterize Text Layer,Layer,,tile,,RST,rasterize-text-layer.png,ASSETS/THEMES/DEFAULT/IMAGES/COMMANDS/rasterize-text-layer.png,16x16 RGBA,ASSETS/THEMES/DEFAULT/IMAGES/COMMANDS/TOOLBOX/rasterize-text-layer.png,11x11 RGBA (optional),todo,
714,Rasterize All Text Layers,Layer,,tile,,RST,rasterize-all-text-layers.png,ASSETS/THEMES/DEFAULT/IMAGES/COMMANDS/rasterize-all-text-layers.png,16x16 RGBA,ASSETS/THEMES/DEFAULT/IMAGES/COMMANDS/TOOLBOX/rasterize-all-text-layers.png,11x11 RGBA (optional),todo,
708,Arrange to Top,Layer,Ctrl+Shift+],tile,,ARN,arrange-to-top.png,ASSETS/THEMES/DEFAULT/IMAGES/COMMANDS/arrange-to-top.png,16x16 RGBA,ASSETS/THEMES/DEFAULT/IMAGES/COMMANDS/TOOLBOX/arrange-to-top.png,11x11 RGBA (optional),todo,
709,Arrange to Bottom,Layer,Ctrl+Shift+[,tile,,ARN,arrange-to-bottom.png,ASSETS/THEMES/DEFAULT/IMAGES/COMMANDS/arrange-to-bottom.png,16x16 RGBA,ASSETS/THEMES/DEFAULT/IMAGES/COMMANDS/TOOLBOX/arrange-to-bottom.png,11x11 RGBA (optional),todo,
1901,Align Left (layers),Layer,,bar icon (advanced bar),ASSETS/THEMES/DEFAULT/IMAGES/ADVANCEDBAR/align-left.png,ALG,align-left-layers.png,ASSETS/THEMES/DEFAULT/IMAGES/COMMANDS/align-left-layers.png,16x16 RGBA,ASSETS/THEMES/DEFAULT/IMAGES/COMMANDS/TOOLBOX/align-left-layers.png,11x11 RGBA (optional),has art,
1902,Align Center H (layers),Layer,,bar icon (advanced bar),ASSETS/THEMES/DEFAULT/IMAGES/ADVANCEDBAR/align-center.png,ALG,align-center-h-layers.png,ASSETS/THEMES/DEFAULT/IMAGES/COMMANDS/align-center-h-layers.png,16x16 RGBA,ASSETS/THEMES/DEFAULT/IMAGES/COMMANDS/TOOLBOX/align-center-h-layers.png,11x11 RGBA (optional),has art,
1903,Align Right (layers),Layer,,bar icon (advanced bar),ASSETS/THEMES/DEFAULT/IMAGES/ADVANCEDBAR/align-right.png,ALG,align-right-layers.png,ASSETS/THEMES/DEFAULT/IMAGES/COMMANDS/align-right-layers.png,16x16 RGBA,ASSETS/THEMES/DEFAULT/IMAGES/COMMANDS/TOOLBOX/align-right-layers.png,11x11 RGBA (optional),has art,
1904,Align Top (layers),Layer,,bar icon (advanced bar),ASSETS/THEMES/DEFAULT/IMAGES/ADVANCEDBAR/align-top.png,ALG,align-top-layers.png,ASSETS/THEMES/DEFAULT/IMAGES/COMMANDS/align-top-layers.png,16x16 RGBA,ASSETS/THEMES/DEFAULT/IMAGES/COMMANDS/TOOLBOX/align-top-layers.png,11x11 RGBA (optional),has art,
1905,Align Middle V (layers),Layer,,bar icon (advanced bar),ASSETS/THEMES/DEFAULT/IMAGES/ADVANCEDBAR/align-middle.png,ALG,align-middle-v-layers.png,ASSETS/THEMES/DEFAULT/IMAGES/COMMANDS/align-middle-v-layers.png,16x16 RGBA,ASSETS/THEMES/DEFAULT/IMAGES/COMMANDS/TOOLBOX/align-middle-v-layers.png,11x11 RGBA (optional),has art,
1906,Align Bottom (layers),Layer,,bar icon (advanced bar),ASSETS/THEMES/DEFAULT/IMAGES/ADVANCEDBAR/align-bottom.png,ALG,align-bottom-layers.png,ASSETS/THEMES/DEFAULT/IMAGES/COMMANDS/align-bottom-layers.png,16x16 RGBA,ASSETS/THEMES/DEFAULT/IMAGES/COMMANDS/TOOLBOX/align-bottom-layers.png,11x11 RGBA (optional),has art,
1907,Distribute Horizontally (layers),Layer,,bar icon (advanced bar),ASSETS/THEMES/DEFAULT/IMAGES/ADVANCEDBAR/distribute-horizontal.png,DST,distribute-horizontally-layers.png,ASSETS/THEMES/DEFAULT/IMAGES/COMMANDS/distribute-horizontally-layers.png,16x16 RGBA,ASSETS/THEMES/DEFAULT/IMAGES/COMMANDS/TOOLBOX/distribute-horizontally-layers.png,11x11 RGBA (optional),has art,
1908,Distribute Vertically (layers),Layer,,bar icon (advanced bar),ASSETS/THEMES/DEFAULT/IMAGES/ADVANCEDBAR/distribute-vertical.png,DST,distribute-vertically-layers.png,ASSETS/THEMES/DEFAULT/IMAGES/COMMANDS/distribute-vertically-layers.png,16x16 RGBA,ASSETS/THEMES/DEFAULT/IMAGES/COMMANDS/TOOLBOX/distribute-vertically-layers.png,11x11 RGBA (optional),has art,
720,New Group,Layer,Ctrl+G,tile,,NGR,new-group.png,ASSETS/THEMES/DEFAULT/IMAGES/COMMANDS/new-group.png,16x16 RGBA,ASSETS/THEMES/DEFAULT/IMAGES/COMMANDS/TOOLBOX/new-group.png,11x11 RGBA (optional),todo,
721,Group from Selection,Layer,Ctrl+Shift+G,tile,,GRP,group-from-selection.png,ASSETS/THEMES/DEFAULT/IMAGES/COMMANDS/group-from-selection.png,16x16 RGBA,ASSETS/THEMES/DEFAULT/IMAGES/COMMANDS/TOOLBOX/group-from-selection.png,11x11 RGBA (optional),todo,
722,Ungroup,Layer,Ctrl+Shift+U,tile,,UNG,ungroup.png,ASSETS/THEMES/DEFAULT/IMAGES/COMMANDS/ungroup.png,16x16 RGBA,ASSETS/THEMES/DEFAULT/IMAGES/COMMANDS/TOOLBOX/ungroup.png,11x11 RGBA (optional),todo,
723,Merge Group,Layer,,tile,,MRG,merge-group.png,ASSETS/THEMES/DEFAULT/IMAGES/COMMANDS/merge-group.png,16x16 RGBA,ASSETS/THEMES/DEFAULT/IMAGES/COMMANDS/TOOLBOX/merge-group.png,11x11 RGBA (optional),todo,
724,Toggle Group Collapse,Layer,,tile,,GRP,toggle-group-collapse.png,ASSETS/THEMES/DEFAULT/IMAGES/COMMANDS/toggle-group-collapse.png,16x16 RGBA,ASSETS/THEMES/DEFAULT/IMAGES/COMMANDS/TOOLBOX/toggle-group-collapse.png,11x11 RGBA (optional),todo,
725,Select All in Group,Layer,,tile,,SLC,select-all-in-group.png,ASSETS/THEMES/DEFAULT/IMAGES/COMMANDS/select-all-in-group.png,16x16 RGBA,ASSETS/THEMES/DEFAULT/IMAGES/COMMANDS/TOOLBOX/select-all-in-group.png,11x11 RGBA (optional),todo,
726,Rename Layer,Layer,,tile,,RNM,rename-layer.png,ASSETS/THEMES/DEFAULT/IMAGES/COMMANDS/rename-layer.png,16x16 RGBA,ASSETS/THEMES/DEFAULT/IMAGES/COMMANDS/TOOLBOX/rename-layer.png,11x11 RGBA (optional),todo,
727,Selection from Group,Layer,,tile,,SLC,selection-from-group.png,ASSETS/THEMES/DEFAULT/IMAGES/COMMANDS/selection-from-group.png,16x16 RGBA,ASSETS/THEMES/DEFAULT/IMAGES/COMMANDS/TOOLBOX/selection-from-group.png,11x11 RGBA (optional),todo,
728,Selection from Layer,Layer,,tile,,SLC,selection-from-layer.png,ASSETS/THEMES/DEFAULT/IMAGES/COMMANDS/selection-from-layer.png,16x16 RGBA,ASSETS/THEMES/DEFAULT/IMAGES/COMMANDS/TOOLBOX/selection-from-layer.png,11x11 RGBA (optional),todo,
730,Convert to Symbol,Layer,,tile,,CNV,convert-to-symbol.png,ASSETS/THEMES/DEFAULT/IMAGES/COMMANDS/convert-to-symbol.png,16x16 RGBA,ASSETS/THEMES/DEFAULT/IMAGES/COMMANDS/TOOLBOX/convert-to-symbol.png,11x11 RGBA (optional),todo,
731,New Symbol Layer,Layer,,tile,,NSY,new-symbol-layer.png,ASSETS/THEMES/DEFAULT/IMAGES/COMMANDS/new-symbol-layer.png,16x16 RGBA,ASSETS/THEMES/DEFAULT/IMAGES/COMMANDS/TOOLBOX/new-symbol-layer.png,11x11 RGBA (optional),todo,
732,Create Symbol Instance,Layer,,tile,,CRT,create-symbol-instance.png,ASSETS/THEMES/DEFAULT/IMAGES/COMMANDS/create-symbol-instance.png,16x16 RGBA,ASSETS/THEMES/DEFAULT/IMAGES/COMMANDS/TOOLBOX/create-symbol-instance.png,11x11 RGBA (optional),todo,
733,Sync Symbols,Layer,,tile,,SYN,sync-symbols.png,ASSETS/THEMES/DEFAULT/IMAGES/COMMANDS/sync-symbols.png,16x16 RGBA,ASSETS/THEMES/DEFAULT/IMAGES/COMMANDS/TOOLBOX/sync-symbols.png,11x11 RGBA (optional),todo,
734,Rasterize Symbol,Layer,,tile,,RST,rasterize-symbol.png,ASSETS/THEMES/DEFAULT/IMAGES/COMMANDS/rasterize-symbol.png,16x16 RGBA,ASSETS/THEMES/DEFAULT/IMAGES/COMMANDS/TOOLBOX/rasterize-symbol.png,11x11 RGBA (optional),todo,
735,Detach Instance,Layer,,tile,,DTC,detach-instance.png,ASSETS/THEMES/DEFAULT/IMAGES/COMMANDS/detach-instance.png,16x16 RGBA,ASSETS/THEMES/DEFAULT/IMAGES/COMMANDS/TOOLBOX/detach-instance.png,11x11 RGBA (optional),todo,
736,Select Parent,Layer,,tile,,SLC,select-parent.png,ASSETS/THEMES/DEFAULT/IMAGES/COMMANDS/select-parent.png,16x16 RGBA,ASSETS/THEMES/DEFAULT/IMAGES/COMMANDS/TOOLBOX/select-parent.png,11x11 RGBA (optional),todo,
801,Pan Canvas,Canvas,Space+Drag or MMB,tile,,PCN,pan-canvas.png,ASSETS/THEMES/DEFAULT/IMAGES/COMMANDS/pan-canvas.png,16x16 RGBA,ASSETS/THEMES/DEFAULT/IMAGES/COMMANDS/TOOLBOX/pan-canvas.png,11x11 RGBA (optional),todo,
802,Reset Pan,Canvas,Double MMB,tile,,RST,reset-pan.png,ASSETS/THEMES/DEFAULT/IMAGES/COMMANDS/reset-pan.png,16x16 RGBA,ASSETS/THEMES/DEFAULT/IMAGES/COMMANDS/TOOLBOX/reset-pan.png,11x11 RGBA (optional),todo,
1801,Resize Canvas,Canvas,,tile,,RSZ,resize-canvas.png,ASSETS/THEMES/DEFAULT/IMAGES/COMMANDS/resize-canvas.png,16x16 RGBA,ASSETS/THEMES/DEFAULT/IMAGES/COMMANDS/TOOLBOX/resize-canvas.png,11x11 RGBA (optional),todo,
1805,Resize Image with Content,Canvas,,tile,,RSZ,resize-image-with-content.png,ASSETS/THEMES/DEFAULT/IMAGES/COMMANDS/resize-image-with-content.png,16x16 RGBA,ASSETS/THEMES/DEFAULT/IMAGES/COMMANDS/TOOLBOX/resize-image-with-content.png,11x11 RGBA (optional),todo,
1802,Crop Canvas,Canvas,,tile,,CRP,crop-canvas.png,ASSETS/THEMES/DEFAULT/IMAGES/COMMANDS/crop-canvas.png,16x16 RGBA,ASSETS/THEMES/DEFAULT/IMAGES/COMMANDS/TOOLBOX/crop-canvas.png,11x11 RGBA (optional),todo,
1803,Flip Canvas Horizontal,Canvas,,bar icon (edit bar),ASSETS/THEMES/DEFAULT/IMAGES/EDITBAR/eb-flip-canvas-horizontal.png,FLP,flip-canvas-horizontal.png,ASSETS/THEMES/DEFAULT/IMAGES/COMMANDS/flip-canvas-horizontal.png,16x16 RGBA,ASSETS/THEMES/DEFAULT/IMAGES/COMMANDS/TOOLBOX/flip-canvas-horizontal.png,11x11 RGBA (optional),has art,
1804,Flip Canvas Vertical,Canvas,,bar icon (edit bar),ASSETS/THEMES/DEFAULT/IMAGES/EDITBAR/eb-flip-canvas-vertical.png,FLP,flip-canvas-vertical.png,ASSETS/THEMES/DEFAULT/IMAGES/COMMANDS/flip-canvas-vertical.png,16x16 RGBA,ASSETS/THEMES/DEFAULT/IMAGES/COMMANDS/TOOLBOX/flip-canvas-vertical.png,11x11 RGBA (optional),has art,
1201,Constrain H/V,Assist,Hold Shift,tile,,CNS,constrain-h-v.png,ASSETS/THEMES/DEFAULT/IMAGES/COMMANDS/constrain-h-v.png,16x16 RGBA,ASSETS/THEMES/DEFAULT/IMAGES/COMMANDS/TOOLBOX/constrain-h-v.png,11x11 RGBA (optional),todo,
1202,Angle Snap,Assist,Ctrl+Shift,tile,,ANG,angle-snap.png,ASSETS/THEMES/DEFAULT/IMAGES/COMMANDS/angle-snap.png,16x16 RGBA,ASSETS/THEMES/DEFAULT/IMAGES/COMMANDS/TOOLBOX/angle-snap.png,11x11 RGBA (optional),todo,
1203,Draw Square/Circle,Assist,Hold Ctrl,tile,,DRW,draw-square-circle.png,ASSETS/THEMES/DEFAULT/IMAGES/COMMANDS/draw-square-circle.png,16x16 RGBA,ASSETS/THEMES/DEFAULT/IMAGES/COMMANDS/TOOLBOX/draw-square-circle.png,11x11 RGBA (optional),todo,
1204,Draw from Center,Assist,Hold Shift (center),tile,,DRW,draw-from-center.png,ASSETS/THEMES/DEFAULT/IMAGES/COMMANDS/draw-from-center.png,16x16 RGBA,ASSETS/THEMES/DEFAULT/IMAGES/COMMANDS/TOOLBOX/draw-from-center.png,11x11 RGBA (optional),todo,
1205,Clone Mode (Move),Assist,Hold Alt,tile,,CLN,clone-mode-move.png,ASSETS/THEMES/DEFAULT/IMAGES/COMMANDS/clone-mode-move.png,16x16 RGBA,ASSETS/THEMES/DEFAULT/IMAGES/COMMANDS/TOOLBOX/clone-mode-move.png,11x11 RGBA (optional),todo,
1206,Temp Color Picker,Assist,Hold Alt,tile,,TMP,temp-color-picker.png,ASSETS/THEMES/DEFAULT/IMAGES/COMMANDS/temp-color-picker.png,16x16 RGBA,ASSETS/THEMES/DEFAULT/IMAGES/COMMANDS/TOOLBOX/temp-color-picker.png,11x11 RGBA (optional),todo,
1101,Capture Custom Brush,Custom,Ctrl+B,tile,,CPT,capture-custom-brush.png,ASSETS/THEMES/DEFAULT/IMAGES/COMMANDS/capture-custom-brush.png,16x16 RGBA,ASSETS/THEMES/DEFAULT/IMAGES/COMMANDS/TOOLBOX/capture-custom-brush.png,11x11 RGBA (optional),todo,
1102,Clear Custom Brush,Custom,Ctrl+B (active),tile,,CLR,clear-custom-brush.png,ASSETS/THEMES/DEFAULT/IMAGES/COMMANDS/clear-custom-brush.png,16x16 RGBA,ASSETS/THEMES/DEFAULT/IMAGES/COMMANDS/TOOLBOX/clear-custom-brush.png,11x11 RGBA (optional),todo,
1103,Toggle Recolor Mode,Custom,F9,tile,,RCL,toggle-recolor-mode.png,ASSETS/THEMES/DEFAULT/IMAGES/COMMANDS/toggle-recolor-mode.png,16x16 RGBA,ASSETS/THEMES/DEFAULT/IMAGES/COMMANDS/TOOLBOX/toggle-recolor-mode.png,11x11 RGBA (optional),todo,
1104,Apply Outline,Custom,Shift+O,tile,,APL,apply-outline.png,ASSETS/THEMES/DEFAULT/IMAGES/COMMANDS/apply-outline.png,16x16 RGBA,ASSETS/THEMES/DEFAULT/IMAGES/COMMANDS/TOOLBOX/apply-outline.png,11x11 RGBA (optional),todo,
1105,Flip Brush Horizontal,Custom,Home,tile,,FLP,flip-brush-horizontal.png,ASSETS/THEMES/DEFAULT/IMAGES/COMMANDS/flip-brush-horizontal.png,16x16 RGBA,ASSETS/THEMES/DEFAULT/IMAGES/COMMANDS/TOOLBOX/flip-brush-horizontal.png,11x11 RGBA (optional),todo,
1106,Flip Brush Vertical,Custom,End,tile,,FLP,flip-brush-vertical.png,ASSETS/THEMES/DEFAULT/IMAGES/COMMANDS/flip-brush-vertical.png,16x16 RGBA,ASSETS/THEMES/DEFAULT/IMAGES/COMMANDS/TOOLBOX/flip-brush-vertical.png,11x11 RGBA (optional),todo,
1107,Scale Brush Up,Custom,Page Up,tile,,SCL,scale-brush-up.png,ASSETS/THEMES/DEFAULT/IMAGES/COMMANDS/scale-brush-up.png,16x16 RGBA,ASSETS/THEMES/DEFAULT/IMAGES/COMMANDS/TOOLBOX/scale-brush-up.png,11x11 RGBA (optional),todo,
1108,Scale Brush Down,Custom,Page Down,tile,,SCL,scale-brush-down.png,ASSETS/THEMES/DEFAULT/IMAGES/COMMANDS/scale-brush-down.png,16x16 RGBA,ASSETS/THEMES/DEFAULT/IMAGES/COMMANDS/TOOLBOX/scale-brush-down.png,11x11 RGBA (optional),todo,
1109,Reset Brush Scale,Custom,/,tile,,RST,reset-brush-scale.png,ASSETS/THEMES/DEFAULT/IMAGES/COMMANDS/reset-brush-scale.png,16x16 RGBA,ASSETS/THEMES/DEFAULT/IMAGES/COMMANDS/TOOLBOX/reset-brush-scale.png,11x11 RGBA (optional),todo,
1110,Export Brush as PNG,Custom,F12,tile,,EXP,export-brush-as-png.png,ASSETS/THEMES/DEFAULT/IMAGES/COMMANDS/export-brush-as-png.png,16x16 RGBA,ASSETS/THEMES/DEFAULT/IMAGES/COMMANDS/TOOLBOX/export-brush-as-png.png,11x11 RGBA (optional),todo,
1111,Rotate Brush 90 CW,Custom,>,tile,,RTB,rotate-brush-90-cw.png,ASSETS/THEMES/DEFAULT/IMAGES/COMMANDS/rotate-brush-90-cw.png,16x16 RGBA,ASSETS/THEMES/DEFAULT/IMAGES/COMMANDS/TOOLBOX/rotate-brush-90-cw.png,11x11 RGBA (optional),todo,
1112,Rotate Brush 90 CCW,Custom,<,tile,,RTB,rotate-brush-90-ccw.png,ASSETS/THEMES/DEFAULT/IMAGES/COMMANDS/rotate-brush-90-ccw.png,16x16 RGBA,ASSETS/THEMES/DEFAULT/IMAGES/COMMANDS/TOOLBOX/rotate-brush-90-ccw.png,11x11 RGBA (optional),todo,
901,Toggle Grid,Grid,' (apostrophe),tile,,GRD,toggle-grid.png,ASSETS/THEMES/DEFAULT/IMAGES/COMMANDS/toggle-grid.png,16x16 RGBA,ASSETS/THEMES/DEFAULT/IMAGES/COMMANDS/TOOLBOX/toggle-grid.png,11x11 RGBA (optional),todo,
902,Toggle Pixel Grid,Grid,Shift+' (quote),tile,,PXL,toggle-pixel-grid.png,ASSETS/THEMES/DEFAULT/IMAGES/COMMANDS/toggle-pixel-grid.png,16x16 RGBA,ASSETS/THEMES/DEFAULT/IMAGES/COMMANDS/TOOLBOX/toggle-pixel-grid.png,11x11 RGBA (optional),todo,
903,Toggle Snap to Grid,Grid,; (semicolon),tile,,SNP,toggle-snap-to-grid.png,ASSETS/THEMES/DEFAULT/IMAGES/COMMANDS/toggle-snap-to-grid.png,16x16 RGBA,ASSETS/THEMES/DEFAULT/IMAGES/COMMANDS/TOOLBOX/toggle-snap-to-grid.png,11x11 RGBA (optional),todo,
906,Toggle Grid Align Mode,Grid,/ (slash),tile,,GRD,toggle-grid-align-mode.png,ASSETS/THEMES/DEFAULT/IMAGES/COMMANDS/toggle-grid-align-mode.png,16x16 RGBA,ASSETS/THEMES/DEFAULT/IMAGES/COMMANDS/TOOLBOX/toggle-grid-align-mode.png,11x11 RGBA (optional),todo,
907,Make Grid Match Brush Size,Grid,Ctrl+Shift+/,bar icon (advanced bar),ASSETS/THEMES/DEFAULT/IMAGES/ADVANCEDBAR/grid-tile-mode.png,MKG,make-grid-match-brush-size.png,ASSETS/THEMES/DEFAULT/IMAGES/COMMANDS/make-grid-match-brush-size.png,16x16 RGBA,ASSETS/THEMES/DEFAULT/IMAGES/COMMANDS/TOOLBOX/make-grid-match-brush-size.png,11x11 RGBA (optional),has art,
904,Increase Grid Size,Grid,. (period),tile,,INC,increase-grid-size.png,ASSETS/THEMES/DEFAULT/IMAGES/COMMANDS/increase-grid-size.png,16x16 RGBA,ASSETS/THEMES/DEFAULT/IMAGES/COMMANDS/TOOLBOX/increase-grid-size.png,11x11 RGBA (optional),todo,
905,Decrease Grid Size,Grid,", (comma)",tile,,DCR,decrease-grid-size.png,ASSETS/THEMES/DEFAULT/IMAGES/COMMANDS/decrease-grid-size.png,16x16 RGBA,ASSETS/THEMES/DEFAULT/IMAGES/COMMANDS/TOOLBOX/decrease-grid-size.png,11x11 RGBA (optional),todo,
908,Toggle Grid Cell Fill,Grid,,bar icon (advanced bar),ASSETS/THEMES/DEFAULT/IMAGES/ADVANCEDBAR/fill-grid-mode.png,GRD,toggle-grid-cell-fill.png,ASSETS/THEMES/DEFAULT/IMAGES/COMMANDS/toggle-grid-cell-fill.png,16x16 RGBA,ASSETS/THEMES/DEFAULT/IMAGES/COMMANDS/TOOLBOX/toggle-grid-cell-fill.png,11x11 RGBA (optional),has art,
910,Toggle Smart Guides,Grid,,bar icon (edit bar),ASSETS/THEMES/DEFAULT/IMAGES/EDITBAR/eb-smart-guides.png,SMR,toggle-smart-guides.png,ASSETS/THEMES/DEFAULT/IMAGES/COMMANDS/toggle-smart-guides.png,16x16 RGBA,ASSETS/THEMES/DEFAULT/IMAGES/COMMANDS/TOOLBOX/toggle-smart-guides.png,11x11 RGBA (optional),has art,
911,Toggle Snap Smart Guides,Grid,,bar icon (edit bar),ASSETS/THEMES/DEFAULT/IMAGES/EDITBAR/eb-smart-guides-snap.png,SNP,toggle-snap-smart-guides.png,ASSETS/THEMES/DEFAULT/IMAGES/COMMANDS/toggle-snap-smart-guides.png,16x16 RGBA,ASSETS/THEMES/DEFAULT/IMAGES/COMMANDS/TOOLBOX/toggle-snap-smart-guides.png,11x11 RGBA (optional),has art,
1001,Cycle Symmetry Mode,Symmetry,F7,tile,,CYC,cycle-symmetry-mode.png,ASSETS/THEMES/DEFAULT/IMAGES/COMMANDS/cycle-symmetry-mode.png,16x16 RGBA,ASSETS/THEMES/DEFAULT/IMAGES/COMMANDS/TOOLBOX/cycle-symmetry-mode.png,11x11 RGBA (optional),todo,
1002,Clear Symmetry,Symmetry,F8,tile,,CLR,clear-symmetry.png,ASSETS/THEMES/DEFAULT/IMAGES/COMMANDS/clear-symmetry.png,16x16 RGBA,ASSETS/THEMES/DEFAULT/IMAGES/COMMANDS/TOOLBOX/clear-symmetry.png,11x11 RGBA (optional),todo,
1003,Set Symmetry Center,Symmetry,Ctrl+Click,tile,,SSY,set-symmetry-center.png,ASSETS/THEMES/DEFAULT/IMAGES/COMMANDS/set-symmetry-center.png,16x16 RGBA,ASSETS/THEMES/DEFAULT/IMAGES/COMMANDS/TOOLBOX/set-symmetry-center.png,11x11 RGBA (optional),todo,
1401,Select From Current Layer,Select,,tile,,SLC,select-from-current-layer.png,ASSETS/THEMES/DEFAULT/IMAGES/COMMANDS/select-from-current-layer.png,16x16 RGBA,ASSETS/THEMES/DEFAULT/IMAGES/COMMANDS/TOOLBOX/select-from-current-layer.png,11x11 RGBA (optional),todo,
1414,Select From Selected Layers,Select,,tile,,SLC,select-from-selected-layers.png,ASSETS/THEMES/DEFAULT/IMAGES/COMMANDS/select-from-selected-layers.png,16x16 RGBA,ASSETS/THEMES/DEFAULT/IMAGES/COMMANDS/TOOLBOX/select-from-selected-layers.png,11x11 RGBA (optional),todo,
2001,Brightness/Contrast...,Image,,tile,,BRG,brightness-contrast.png,ASSETS/THEMES/DEFAULT/IMAGES/COMMANDS/brightness-contrast.png,16x16 RGBA,ASSETS/THEMES/DEFAULT/IMAGES/COMMANDS/TOOLBOX/brightness-contrast.png,11x11 RGBA (optional),todo,
2002,Hue/Saturation...,Image,,tile,,HST,hue-saturation.png,ASSETS/THEMES/DEFAULT/IMAGES/COMMANDS/hue-saturation.png,16x16 RGBA,ASSETS/THEMES/DEFAULT/IMAGES/COMMANDS/TOOLBOX/hue-saturation.png,11x11 RGBA (optional),todo,
2003,Levels...,Image,,tile,,LVL,levels.png,ASSETS/THEMES/DEFAULT/IMAGES/COMMANDS/levels.png,16x16 RGBA,ASSETS/THEMES/DEFAULT/IMAGES/COMMANDS/TOOLBOX/levels.png,11x11 RGBA (optional),todo,
2004,Color Balance...,Image,,tile,,CLR,color-balance.png,ASSETS/THEMES/DEFAULT/IMAGES/COMMANDS/color-balance.png,16x16 RGBA,ASSETS/THEMES/DEFAULT/IMAGES/COMMANDS/TOOLBOX/color-balance.png,11x11 RGBA (optional),todo,
2005,Blur...,Image,,tile,,BLR,blur.png,ASSETS/THEMES/DEFAULT/IMAGES/COMMANDS/blur.png,16x16 RGBA,ASSETS/THEMES/DEFAULT/IMAGES/COMMANDS/TOOLBOX/blur.png,11x11 RGBA (optional),todo,
2006,Sharpen...,Image,,tile,,SHR,sharpen.png,ASSETS/THEMES/DEFAULT/IMAGES/COMMANDS/sharpen.png,16x16 RGBA,ASSETS/THEMES/DEFAULT/IMAGES/COMMANDS/TOOLBOX/sharpen.png,11x11 RGBA (optional),todo,
2007,Invert,Image,,tile,,INV,invert.png,ASSETS/THEMES/DEFAULT/IMAGES/COMMANDS/invert.png,16x16 RGBA,ASSETS/THEMES/DEFAULT/IMAGES/COMMANDS/TOOLBOX/invert.png,11x11 RGBA (optional),todo,
2008,Desaturate,Image,,tile,,DST,desaturate.png,ASSETS/THEMES/DEFAULT/IMAGES/COMMANDS/desaturate.png,16x16 RGBA,ASSETS/THEMES/DEFAULT/IMAGES/COMMANDS/TOOLBOX/desaturate.png,11x11 RGBA (optional),todo,
2009,Posterize...,Image,,tile,,PST,posterize.png,ASSETS/THEMES/DEFAULT/IMAGES/COMMANDS/posterize.png,16x16 RGBA,ASSETS/THEMES/DEFAULT/IMAGES/COMMANDS/TOOLBOX/posterize.png,11x11 RGBA (optional),todo,
2010,Pixelate...,Image,,tile,,PXL,pixelate.png,ASSETS/THEMES/DEFAULT/IMAGES/COMMANDS/pixelate.png,16x16 RGBA,ASSETS/THEMES/DEFAULT/IMAGES/COMMANDS/TOOLBOX/pixelate.png,11x11 RGBA (optional),todo,
2011,Remove Background...,Image,,tile,,RMV,remove-background.png,ASSETS/THEMES/DEFAULT/IMAGES/COMMANDS/remove-background.png,16x16 RGBA,ASSETS/THEMES/DEFAULT/IMAGES/COMMANDS/TOOLBOX/remove-background.png,11x11 RGBA (optional),todo,
2107,Gamma...,Image,,tile,,GM,gamma.png,ASSETS/THEMES/DEFAULT/IMAGES/COMMANDS/gamma.png,16x16 RGBA,ASSETS/THEMES/DEFAULT/IMAGES/COMMANDS/TOOLBOX/gamma.png,11x11 RGBA (optional),todo,
2101,Sepia,Image,,tile,,SP,sepia.png,ASSETS/THEMES/DEFAULT/IMAGES/COMMANDS/sepia.png,16x16 RGBA,ASSETS/THEMES/DEFAULT/IMAGES/COMMANDS/TOOLBOX/sepia.png,11x11 RGBA (optional),todo,
2102,Threshold...,Image,,tile,,THR,threshold.png,ASSETS/THEMES/DEFAULT/IMAGES/COMMANDS/threshold.png,16x16 RGBA,ASSETS/THEMES/DEFAULT/IMAGES/COMMANDS/TOOLBOX/threshold.png,11x11 RGBA (optional),todo,
2103,Colorize...,Image,,tile,,CLR,colorize.png,ASSETS/THEMES/DEFAULT/IMAGES/COMMANDS/colorize.png,16x16 RGBA,ASSETS/THEMES/DEFAULT/IMAGES/COMMANDS/TOOLBOX/colorize.png,11x11 RGBA (optional),todo,
2104,Glow...,Image,,tile,,GLW,glow.png,ASSETS/THEMES/DEFAULT/IMAGES/COMMANDS/glow.png,16x16 RGBA,ASSETS/THEMES/DEFAULT/IMAGES/COMMANDS/TOOLBOX/glow.png,11x11 RGBA (optional),todo,
2105,Film Grain...,Image,,tile,,FLM,film-grain.png,ASSETS/THEMES/DEFAULT/IMAGES/COMMANDS/film-grain.png,16x16 RGBA,ASSETS/THEMES/DEFAULT/IMAGES/COMMANDS/TOOLBOX/film-grain.png,11x11 RGBA (optional),todo,
2106,Vignette...,Image,,tile,,VGN,vignette.png,ASSETS/THEMES/DEFAULT/IMAGES/COMMANDS/vignette.png,16x16 RGBA,ASSETS/THEMES/DEFAULT/IMAGES/COMMANDS/TOOLBOX/vignette.png,11x11 RGBA (optional),todo,
2110,Outline / Stroke...,Image,,tile,,OTL,outline-stroke.png,ASSETS/THEMES/DEFAULT/IMAGES/COMMANDS/outline-stroke.png,16x16 RGBA,ASSETS/THEMES/DEFAULT/IMAGES/COMMANDS/TOOLBOX/outline-stroke.png,11x11 RGBA (optional),todo,
2111,Edge Detect...,Image,,tile,,EDG,edge-detect.png,ASSETS/THEMES/DEFAULT/IMAGES/COMMANDS/edge-detect.png,16x16 RGBA,ASSETS/THEMES/DEFAULT/IMAGES/COMMANDS/TOOLBOX/edge-detect.png,11x11 RGBA (optional),todo,
2112,Gradient Map...,Image,,tile,,GRD,gradient-map.png,ASSETS/THEMES/DEFAULT/IMAGES/COMMANDS/gradient-map.png,16x16 RGBA,ASSETS/THEMES/DEFAULT/IMAGES/COMMANDS/TOOLBOX/gradient-map.png,11x11 RGBA (optional),todo,
2113,Grow / Shrink...,Image,,tile,,GRW,grow-shrink.png,ASSETS/THEMES/DEFAULT/IMAGES/COMMANDS/grow-shrink.png,16x16 RGBA,ASSETS/THEMES/DEFAULT/IMAGES/COMMANDS/TOOLBOX/grow-shrink.png,11x11 RGBA (optional),todo,
2120,Chromatic Aberration...,Image,,tile,,CHR,chromatic-aberration.png,ASSETS/THEMES/DEFAULT/IMAGES/COMMANDS/chromatic-aberration.png,16x16 RGBA,ASSETS/THEMES/DEFAULT/IMAGES/COMMANDS/TOOLBOX/chromatic-aberration.png,11x11 RGBA (optional),todo,
2121,Emboss...,Image,,tile,,EMB,emboss.png,ASSETS/THEMES/DEFAULT/IMAGES/COMMANDS/emboss.png,16x16 RGBA,ASSETS/THEMES/DEFAULT/IMAGES/COMMANDS/TOOLBOX/emboss.png,11x11 RGBA (optional),todo,
2122,Solarize...,Image,,tile,,SLR,solarize.png,ASSETS/THEMES/DEFAULT/IMAGES/COMMANDS/solarize.png,16x16 RGBA,ASSETS/THEMES/DEFAULT/IMAGES/COMMANDS/TOOLBOX/solarize.png,11x11 RGBA (optional),todo,
2123,Duotone / Tritone...,Image,,tile,,DTN,duotone-tritone.png,ASSETS/THEMES/DEFAULT/IMAGES/COMMANDS/duotone-tritone.png,16x16 RGBA,ASSETS/THEMES/DEFAULT/IMAGES/COMMANDS/TOOLBOX/duotone-tritone.png,11x11 RGBA (optional),todo,
2350,Redo Last Effect,Image,Ctrl+F,tile,,RDL,redo-last-effect.png,ASSETS/THEMES/DEFAULT/IMAGES/COMMANDS/redo-last-effect.png,16x16 RGBA,ASSETS/THEMES/DEFAULT/IMAGES/COMMANDS/TOOLBOX/redo-last-effect.png,11x11 RGBA (optional),todo,
2351,Recall Last Effect,Image,Ctrl+Alt+F,tile,,RCL,recall-last-effect.png,ASSETS/THEMES/DEFAULT/IMAGES/COMMANDS/recall-last-effect.png,16x16 RGBA,ASSETS/THEMES/DEFAULT/IMAGES/COMMANDS/TOOLBOX/recall-last-effect.png,11x11 RGBA (optional),todo,
2352,Blend Last Effect,Image,Ctrl+Shift+F,tile,,BLN,blend-last-effect.png,ASSETS/THEMES/DEFAULT/IMAGES/COMMANDS/blend-last-effect.png,16x16 RGBA,ASSETS/THEMES/DEFAULT/IMAGES/COMMANDS/TOOLBOX/blend-last-effect.png,11x11 RGBA (optional),todo,
2124,Drop Shadow...,Image,,tile,,DRP,drop-shadow.png,ASSETS/THEMES/DEFAULT/IMAGES/COMMANDS/drop-shadow.png,16x16 RGBA,ASSETS/THEMES/DEFAULT/IMAGES/COMMANDS/TOOLBOX/drop-shadow.png,11x11 RGBA (optional),todo,
2125,Long Shadow...,Image,,tile,,LNG,long-shadow.png,ASSETS/THEMES/DEFAULT/IMAGES/COMMANDS/long-shadow.png,16x16 RGBA,ASSETS/THEMES/DEFAULT/IMAGES/COMMANDS/TOOLBOX/long-shadow.png,11x11 RGBA (optional),todo,
2126,Bevel...,Image,,tile,,BVL,bevel.png,ASSETS/THEMES/DEFAULT/IMAGES/COMMANDS/bevel.png,16x16 RGBA,ASSETS/THEMES/DEFAULT/IMAGES/COMMANDS/TOOLBOX/bevel.png,11x11 RGBA (optional),todo,
2127,Outer Glow...,Image,,tile,,OTR,outer-glow.png,ASSETS/THEMES/DEFAULT/IMAGES/COMMANDS/outer-glow.png,16x16 RGBA,ASSETS/THEMES/DEFAULT/IMAGES/COMMANDS/TOOLBOX/outer-glow.png,11x11 RGBA (optional),todo,
2128,Inner Glow...,Image,,tile,,INR,inner-glow.png,ASSETS/THEMES/DEFAULT/IMAGES/COMMANDS/inner-glow.png,16x16 RGBA,ASSETS/THEMES/DEFAULT/IMAGES/COMMANDS/TOOLBOX/inner-glow.png,11x11 RGBA (optional),todo,
2129,Chrome / Metallic...,Image,,tile,,CHR,chrome-metallic.png,ASSETS/THEMES/DEFAULT/IMAGES/COMMANDS/chrome-metallic.png,16x16 RGBA,ASSETS/THEMES/DEFAULT/IMAGES/COMMANDS/TOOLBOX/chrome-metallic.png,11x11 RGBA (optional),todo,
2130,Wave / Ripple...,Image,,tile,,WVR,wave-ripple.png,ASSETS/THEMES/DEFAULT/IMAGES/COMMANDS/wave-ripple.png,16x16 RGBA,ASSETS/THEMES/DEFAULT/IMAGES/COMMANDS/TOOLBOX/wave-ripple.png,11x11 RGBA (optional),todo,
2131,Twirl...,Image,,tile,,TWR,twirl.png,ASSETS/THEMES/DEFAULT/IMAGES/COMMANDS/twirl.png,16x16 RGBA,ASSETS/THEMES/DEFAULT/IMAGES/COMMANDS/TOOLBOX/twirl.png,11x11 RGBA (optional),todo,
2132,Pinch / Bulge...,Image,,tile,,PNC,pinch-bulge.png,ASSETS/THEMES/DEFAULT/IMAGES/COMMANDS/pinch-bulge.png,16x16 RGBA,ASSETS/THEMES/DEFAULT/IMAGES/COMMANDS/TOOLBOX/pinch-bulge.png,11x11 RGBA (optional),todo,
2133,Kaleidoscope...,Image,,tile,,KLD,kaleidoscope.png,ASSETS/THEMES/DEFAULT/IMAGES/COMMANDS/kaleidoscope.png,16x16 RGBA,ASSETS/THEMES/DEFAULT/IMAGES/COMMANDS/TOOLBOX/kaleidoscope.png,11x11 RGBA (optional),todo,
2140,Crystallize...,Image,,tile,,CRY,crystallize.png,ASSETS/THEMES/DEFAULT/IMAGES/COMMANDS/crystallize.png,16x16 RGBA,ASSETS/THEMES/DEFAULT/IMAGES/COMMANDS/TOOLBOX/crystallize.png,11x11 RGBA (optional),todo,
2141,Stained Glass...,Image,,tile,,STN,stained-glass.png,ASSETS/THEMES/DEFAULT/IMAGES/COMMANDS/stained-glass.png,16x16 RGBA,ASSETS/THEMES/DEFAULT/IMAGES/COMMANDS/TOOLBOX/stained-glass.png,11x11 RGBA (optional),todo,
2142,Mosaic / Tessellate...,Image,,tile,,MSC,mosaic-tessellate.png,ASSETS/THEMES/DEFAULT/IMAGES/COMMANDS/mosaic-tessellate.png,16x16 RGBA,ASSETS/THEMES/DEFAULT/IMAGES/COMMANDS/TOOLBOX/mosaic-tessellate.png,11x11 RGBA (optional),todo,
2143,Extrude...,Image,,tile,,EXT,extrude.png,ASSETS/THEMES/DEFAULT/IMAGES/COMMANDS/extrude.png,16x16 RGBA,ASSETS/THEMES/DEFAULT/IMAGES/COMMANDS/TOOLBOX/extrude.png,11x11 RGBA (optional),todo,
2144,Pointillize...,Image,,tile,,PNT,pointillize.png,ASSETS/THEMES/DEFAULT/IMAGES/COMMANDS/pointillize.png,16x16 RGBA,ASSETS/THEMES/DEFAULT/IMAGES/COMMANDS/TOOLBOX/pointillize.png,11x11 RGBA (optional),todo,
2145,Wind...,Image,,tile,,WND,wind.png,ASSETS/THEMES/DEFAULT/IMAGES/COMMANDS/wind.png,16x16 RGBA,ASSETS/THEMES/DEFAULT/IMAGES/COMMANDS/TOOLBOX/wind.png,11x11 RGBA (optional),todo,
2150,Clouds...,Image,,tile,,CLD,clouds.png,ASSETS/THEMES/DEFAULT/IMAGES/COMMANDS/clouds.png,16x16 RGBA,ASSETS/THEMES/DEFAULT/IMAGES/COMMANDS/TOOLBOX/clouds.png,11x11 RGBA (optional),todo,
2151,Difference Clouds,Image,,tile,,DFR,difference-clouds.png,ASSETS/THEMES/DEFAULT/IMAGES/COMMANDS/difference-clouds.png,16x16 RGBA,ASSETS/THEMES/DEFAULT/IMAGES/COMMANDS/TOOLBOX/difference-clouds.png,11x11 RGBA (optional),todo,
2152,Lens Flare...,Image,,tile,,LNS,lens-flare.png,ASSETS/THEMES/DEFAULT/IMAGES/COMMANDS/lens-flare.png,16x16 RGBA,ASSETS/THEMES/DEFAULT/IMAGES/COMMANDS/TOOLBOX/lens-flare.png,11x11 RGBA (optional),todo,
2153,Terrain...,Image,,tile,,TRN,terrain.png,ASSETS/THEMES/DEFAULT/IMAGES/COMMANDS/terrain.png,16x16 RGBA,ASSETS/THEMES/DEFAULT/IMAGES/COMMANDS/TOOLBOX/terrain.png,11x11 RGBA (optional),todo,
2160,Add Noise...,Image,,tile,,ANS,add-noise.png,ASSETS/THEMES/DEFAULT/IMAGES/COMMANDS/add-noise.png,16x16 RGBA,ASSETS/THEMES/DEFAULT/IMAGES/COMMANDS/TOOLBOX/add-noise.png,11x11 RGBA (optional),todo,
2161,Median / Despeckle,Image,,tile,,MDN,median-despeckle.png,ASSETS/THEMES/DEFAULT/IMAGES/COMMANDS/median-despeckle.png,16x16 RGBA,ASSETS/THEMES/DEFAULT/IMAGES/COMMANDS/TOOLBOX/median-despeckle.png,11x11 RGBA (optional),todo,
2162,Dust & Scratches...,Image,,tile,,DST,dust-scratches.png,ASSETS/THEMES/DEFAULT/IMAGES/COMMANDS/dust-scratches.png,16x16 RGBA,ASSETS/THEMES/DEFAULT/IMAGES/COMMANDS/TOOLBOX/dust-scratches.png,11x11 RGBA (optional),todo,
2170,Render Grid...,Image,,tile,,RND,render-grid.png,ASSETS/THEMES/DEFAULT/IMAGES/COMMANDS/render-grid.png,16x16 RGBA,ASSETS/THEMES/DEFAULT/IMAGES/COMMANDS/TOOLBOX/render-grid.png,11x11 RGBA (optional),todo,
2171,Render Sky...,Image,,tile,,RND,render-sky.png,ASSETS/THEMES/DEFAULT/IMAGES/COMMANDS/render-sky.png,16x16 RGBA,ASSETS/THEMES/DEFAULT/IMAGES/COMMANDS/TOOLBOX/render-sky.png,11x11 RGBA (optional),todo,
2230,Backlight...,Image,,tile,,BCK,backlight.png,ASSETS/THEMES/DEFAULT/IMAGES/COMMANDS/backlight.png,16x16 RGBA,ASSETS/THEMES/DEFAULT/IMAGES/COMMANDS/TOOLBOX/backlight.png,11x11 RGBA (optional),todo,
2231,Corona...,Image,,tile,,CRN,corona.png,ASSETS/THEMES/DEFAULT/IMAGES/COMMANDS/corona.png,16x16 RGBA,ASSETS/THEMES/DEFAULT/IMAGES/COMMANDS/TOOLBOX/corona.png,11x11 RGBA (optional),todo,
2232,Cutout...,Image,,tile,,CT,cutout.png,ASSETS/THEMES/DEFAULT/IMAGES/COMMANDS/cutout.png,16x16 RGBA,ASSETS/THEMES/DEFAULT/IMAGES/COMMANDS/TOOLBOX/cutout.png,11x11 RGBA (optional),todo,
2233,Motion Trail...,Image,,tile,,MTN,motion-trail.png,ASSETS/THEMES/DEFAULT/IMAGES/COMMANDS/motion-trail.png,16x16 RGBA,ASSETS/THEMES/DEFAULT/IMAGES/COMMANDS/TOOLBOX/motion-trail.png,11x11 RGBA (optional),todo,
2234,Rust...,Image,,tile,,RST,rust.png,ASSETS/THEMES/DEFAULT/IMAGES/COMMANDS/rust.png,16x16 RGBA,ASSETS/THEMES/DEFAULT/IMAGES/COMMANDS/TOOLBOX/rust.png,11x11 RGBA (optional),todo,
2235,Snow...,Image,,tile,,SNW,snow.png,ASSETS/THEMES/DEFAULT/IMAGES/COMMANDS/snow.png,16x16 RGBA,ASSETS/THEMES/DEFAULT/IMAGES/COMMANDS/TOOLBOX/snow.png,11x11 RGBA (optional),todo,
2236,Fire...,Image,,tile,,FR,fire.png,ASSETS/THEMES/DEFAULT/IMAGES/COMMANDS/fire.png,16x16 RGBA,ASSETS/THEMES/DEFAULT/IMAGES/COMMANDS/TOOLBOX/fire.png,11x11 RGBA (optional),todo,
2237,Smoke...,Image,,tile,,SMK,smoke.png,ASSETS/THEMES/DEFAULT/IMAGES/COMMANDS/smoke.png,16x16 RGBA,ASSETS/THEMES/DEFAULT/IMAGES/COMMANDS/TOOLBOX/smoke.png,11x11 RGBA (optional),todo,
2238,Icicles...,Image,,tile,,ICL,icicles.png,ASSETS/THEMES/DEFAULT/IMAGES/COMMANDS/icicles.png,16x16 RGBA,ASSETS/THEMES/DEFAULT/IMAGES/COMMANDS/TOOLBOX/icicles.png,11x11 RGBA (optional),todo,
2239,Drip...,Image,,tile,,DRP,drip.png,ASSETS/THEMES/DEFAULT/IMAGES/COMMANDS/drip.png,16x16 RGBA,ASSETS/THEMES/DEFAULT/IMAGES/COMMANDS/TOOLBOX/drip.png,11x11 RGBA (optional),todo,
2240,Glass...,Image,,tile,,GLS,glass.png,ASSETS/THEMES/DEFAULT/IMAGES/COMMANDS/glass.png,16x16 RGBA,ASSETS/THEMES/DEFAULT/IMAGES/COMMANDS/TOOLBOX/glass.png,11x11 RGBA (optional),todo,
2241,Electrify...,Image,,tile,,ELC,electrify.png,ASSETS/THEMES/DEFAULT/IMAGES/COMMANDS/electrify.png,16x16 RGBA,ASSETS/THEMES/DEFAULT/IMAGES/COMMANDS/TOOLBOX/electrify.png,11x11 RGBA (optional),todo,
2242,Water Drops...,Image,,tile,,WTR,water-drops.png,ASSETS/THEMES/DEFAULT/IMAGES/COMMANDS/water-drops.png,16x16 RGBA,ASSETS/THEMES/DEFAULT/IMAGES/COMMANDS/TOOLBOX/water-drops.png,11x11 RGBA (optional),todo,
2270,Wood...,Image,,tile,,WD,wood.png,ASSETS/THEMES/DEFAULT/IMAGES/COMMANDS/wood.png,16x16 RGBA,ASSETS/THEMES/DEFAULT/IMAGES/COMMANDS/TOOLBOX/wood.png,11x11 RGBA (optional),todo,
2271,Marble...,Image,,tile,,MRB,marble.png,ASSETS/THEMES/DEFAULT/IMAGES/COMMANDS/marble.png,16x16 RGBA,ASSETS/THEMES/DEFAULT/IMAGES/COMMANDS/TOOLBOX/marble.png,11x11 RGBA (optional),todo,
2272,Brick Wall...,Image,,tile,,BRC,brick-wall.png,ASSETS/THEMES/DEFAULT/IMAGES/COMMANDS/brick-wall.png,16x16 RGBA,ASSETS/THEMES/DEFAULT/IMAGES/COMMANDS/TOOLBOX/brick-wall.png,11x11 RGBA (optional),todo,
2273,Brushed Metal...,Image,,tile,,BRS,brushed-metal.png,ASSETS/THEMES/DEFAULT/IMAGES/COMMANDS/brushed-metal.png,16x16 RGBA,ASSETS/THEMES/DEFAULT/IMAGES/COMMANDS/TOOLBOX/brushed-metal.png,11x11 RGBA (optional),todo,
2274,Weave...,Image,,tile,,WV,weave.png,ASSETS/THEMES/DEFAULT/IMAGES/COMMANDS/weave.png,16x16 RGBA,ASSETS/THEMES/DEFAULT/IMAGES/COMMANDS/TOOLBOX/weave.png,11x11 RGBA (optional),todo,
2275,Ripples...,Image,,tile,,RPL,ripples.png,ASSETS/THEMES/DEFAULT/IMAGES/COMMANDS/ripples.png,16x16 RGBA,ASSETS/THEMES/DEFAULT/IMAGES/COMMANDS/TOOLBOX/ripples.png,11x11 RGBA (optional),todo,
2276,Animal Fur...,Image,,tile,,ANM,animal-fur.png,ASSETS/THEMES/DEFAULT/IMAGES/COMMANDS/animal-fur.png,16x16 RGBA,ASSETS/THEMES/DEFAULT/IMAGES/COMMANDS/TOOLBOX/animal-fur.png,11x11 RGBA (optional),todo,
2277,Texture Noise...,Image,,tile,,TXT,texture-noise.png,ASSETS/THEMES/DEFAULT/IMAGES/COMMANDS/texture-noise.png,16x16 RGBA,ASSETS/THEMES/DEFAULT/IMAGES/COMMANDS/TOOLBOX/texture-noise.png,11x11 RGBA (optional),todo,
2278,Stone Wall...,Image,,tile,,STN,stone-wall.png,ASSETS/THEMES/DEFAULT/IMAGES/COMMANDS/stone-wall.png,16x16 RGBA,ASSETS/THEMES/DEFAULT/IMAGES/COMMANDS/TOOLBOX/stone-wall.png,11x11 RGBA (optional),todo,
2279,Reptile Skin...,Image,,tile,,RPT,reptile-skin.png,ASSETS/THEMES/DEFAULT/IMAGES/COMMANDS/reptile-skin.png,16x16 RGBA,ASSETS/THEMES/DEFAULT/IMAGES/COMMANDS/TOOLBOX/reptile-skin.png,11x11 RGBA (optional),todo,
2280,Diamond Plate...,Image,,tile,,DMN,diamond-plate.png,ASSETS/THEMES/DEFAULT/IMAGES/COMMANDS/diamond-plate.png,16x16 RGBA,ASSETS/THEMES/DEFAULT/IMAGES/COMMANDS/TOOLBOX/diamond-plate.png,11x11 RGBA (optional),todo,
2281,Lightning...,Image,,tile,,LGH,lightning.png,ASSETS/THEMES/DEFAULT/IMAGES/COMMANDS/lightning.png,16x16 RGBA,ASSETS/THEMES/DEFAULT/IMAGES/COMMANDS/TOOLBOX/lightning.png,11x11 RGBA (optional),todo,
2290,Effects: Clip to Selection,Image,,tile,,EFC,effects-clip-to-selection.png,ASSETS/THEMES/DEFAULT/IMAGES/COMMANDS/effects-clip-to-selection.png,16x16 RGBA,ASSETS/THEMES/DEFAULT/IMAGES/COMMANDS/TOOLBOX/effects-clip-to-selection.png,11x11 RGBA (optional),todo,
2291,Effects: Selection as Shape,Image,,tile,,EFC,effects-selection-as-shape.png,ASSETS/THEMES/DEFAULT/IMAGES/COMMANDS/effects-selection-as-shape.png,16x16 RGBA,ASSETS/THEMES/DEFAULT/IMAGES/COMMANDS/TOOLBOX/effects-selection-as-shape.png,11x11 RGBA (optional),todo,
2058,NEW FROM CLIPBOARD,Menu,,tile,,NFR,new-from-clipboard.png,ASSETS/THEMES/DEFAULT/IMAGES/COMMANDS/new-from-clipboard.png,16x16 RGBA,ASSETS/THEMES/DEFAULT/IMAGES/COMMANDS/TOOLBOX/new-from-clipboard.png,11x11 RGBA (optional),todo,
1825,NEW FROM AI...,Menu,,tile,,NFR,new-from-ai.png,ASSETS/THEMES/DEFAULT/IMAGES/COMMANDS/new-from-ai.png,16x16 RGBA,ASSETS/THEMES/DEFAULT/IMAGES/COMMANDS/TOOLBOX/new-from-ai.png,11x11 RGBA (optional),todo,
211,EXPORT LAYER...,Menu,,tile,,EXP,export-layer.png,ASSETS/THEMES/DEFAULT/IMAGES/COMMANDS/export-layer.png,16x16 RGBA,ASSETS/THEMES/DEFAULT/IMAGES/COMMANDS/TOOLBOX/export-layer.png,11x11 RGBA (optional),todo,
214,EXTRACT IMAGES...,Menu,,tile,,EXT,extract-images.png,ASSETS/THEMES/DEFAULT/IMAGES/COMMANDS/extract-images.png,16x16 RGBA,ASSETS/THEMES/DEFAULT/IMAGES/COMMANDS/TOOLBOX/extract-images.png,11x11 RGBA (optional),todo,
312,PASTE IN PLACE,Menu,,bar icon (edit bar),ASSETS/THEMES/DEFAULT/IMAGES/EDITBAR/eb-paste-in-place.png,PST,paste-in-place.png,ASSETS/THEMES/DEFAULT/IMAGES/COMMANDS/paste-in-place.png,16x16 RGBA,ASSETS/THEMES/DEFAULT/IMAGES/COMMANDS/TOOLBOX/paste-in-place.png,11x11 RGBA (optional),has art,
313,FILL WITH FG,Menu,Backspace,bar icon (edit bar),ASSETS/THEMES/DEFAULT/IMAGES/EDITBAR/eb-fill-with-fg-color.png,FLW,fill-with-fg.png,ASSETS/THEMES/DEFAULT/IMAGES/COMMANDS/fill-with-fg.png,16x16 RGBA,ASSETS/THEMES/DEFAULT/IMAGES/COMMANDS/TOOLBOX/fill-with-fg.png,11x11 RGBA (optional),has art,
314,FILL WITH BG,Menu,Shift+Backspace,bar icon (edit bar),ASSETS/THEMES/DEFAULT/IMAGES/EDITBAR/eb-fill-with-bg-color.png,FLW,fill-with-bg.png,ASSETS/THEMES/DEFAULT/IMAGES/COMMANDS/fill-with-bg.png,16x16 RGBA,ASSETS/THEMES/DEFAULT/IMAGES/COMMANDS/TOOLBOX/fill-with-bg.png,11x11 RGBA (optional),has art,
315,FLIP HORIZONTAL,Menu,Home,bar icon (edit bar),ASSETS/THEMES/DEFAULT/IMAGES/EDITBAR/eb-flip-horizontal.png,FLP,flip-horizontal.png,ASSETS/THEMES/DEFAULT/IMAGES/COMMANDS/flip-horizontal.png,16x16 RGBA,ASSETS/THEMES/DEFAULT/IMAGES/COMMANDS/TOOLBOX/flip-horizontal.png,11x11 RGBA (optional),has art,
316,FLIP VERTICAL,Menu,End,bar icon (edit bar),ASSETS/THEMES/DEFAULT/IMAGES/EDITBAR/eb-flip-vertical.png,FLP,flip-vertical.png,ASSETS/THEMES/DEFAULT/IMAGES/COMMANDS/flip-vertical.png,16x16 RGBA,ASSETS/THEMES/DEFAULT/IMAGES/COMMANDS/TOOLBOX/flip-vertical.png,11x11 RGBA (optional),has art,
317,SCALE -50%,Menu,PgDn,bar icon (edit bar),ASSETS/THEMES/DEFAULT/IMAGES/EDITBAR/eb-scale-down.png,SCL,scale-50.png,ASSETS/THEMES/DEFAULT/IMAGES/COMMANDS/scale-50.png,16x16 RGBA,ASSETS/THEMES/DEFAULT/IMAGES/COMMANDS/TOOLBOX/scale-50.png,11x11 RGBA (optional),has art,
318,SCALE 2X,Menu,PgUp,bar icon (edit bar),ASSETS/THEMES/DEFAULT/IMAGES/EDITBAR/eb-scale-up.png,SCL,scale-2x.png,ASSETS/THEMES/DEFAULT/IMAGES/COMMANDS/scale-2x.png,16x16 RGBA,ASSETS/THEMES/DEFAULT/IMAGES/COMMANDS/TOOLBOX/scale-2x.png,11x11 RGBA (optional),has art,
411,MENU BAR,Menu,Ctrl+F11,tile,,MNB,menu-bar.png,ASSETS/THEMES/DEFAULT/IMAGES/COMMANDS/menu-bar.png,16x16 RGBA,ASSETS/THEMES/DEFAULT/IMAGES/COMMANDS/TOOLBOX/menu-bar.png,11x11 RGBA (optional),todo,
412,BRUSH CURSORS,Menu,`,tile,,BRS,brush-cursors.png,ASSETS/THEMES/DEFAULT/IMAGES/COMMANDS/brush-cursors.png,16x16 RGBA,ASSETS/THEMES/DEFAULT/IMAGES/COMMANDS/TOOLBOX/brush-cursors.png,11x11 RGBA (optional),todo,
413,RESET CANVAS,Menu,,tile,,RST,reset-canvas.png,ASSETS/THEMES/DEFAULT/IMAGES/COMMANDS/reset-canvas.png,16x16 RGBA,ASSETS/THEMES/DEFAULT/IMAGES/COMMANDS/TOOLBOX/reset-canvas.png,11x11 RGBA (optional),todo,
1703,COMMAND HELP...,Menu,?,tile,,CMN,command-help.png,ASSETS/THEMES/DEFAULT/IMAGES/COMMANDS/command-help.png,16x16 RGBA,ASSETS/THEMES/DEFAULT/IMAGES/COMMANDS/TOOLBOX/command-help.png,11x11 RGBA (optional),todo,
1704,CODE...,Menu,,tile,,CD,code.png,ASSETS/THEMES/DEFAULT/IMAGES/COMMANDS/code.png,16x16 RGBA,ASSETS/THEMES/DEFAULT/IMAGES/COMMANDS/TOOLBOX/code.png,11x11 RGBA (optional),todo,
1820,NEW FROM AI...,Menu,,tile,,NFR,new-from-ai.png,ASSETS/THEMES/DEFAULT/IMAGES/COMMANDS/new-from-ai.png,16x16 RGBA,ASSETS/THEMES/DEFAULT/IMAGES/COMMANDS/TOOLBOX/new-from-ai.png,11x11 RGBA (optional),todo,
1510,IMPORT...,Menu,,tile,,IMP,import.png,ASSETS/THEMES/DEFAULT/IMAGES/COMMANDS/import.png,16x16 RGBA,ASSETS/THEMES/DEFAULT/IMAGES/COMMANDS/TOOLBOX/import.png,11x11 RGBA (optional),todo,
1511,EXPORT...,Menu,,tile,,EXP,export.png,ASSETS/THEMES/DEFAULT/IMAGES/COMMANDS/export.png,16x16 RGBA,ASSETS/THEMES/DEFAULT/IMAGES/COMMANDS/TOOLBOX/export.png,11x11 RGBA (optional),todo,
1514,LOAD FROM LOSPEC...,Menu,,tile,,LDF,load-from-lospec.png,ASSETS/THEMES/DEFAULT/IMAGES/COMMANDS/load-from-lospec.png,16x16 RGBA,ASSETS/THEMES/DEFAULT/IMAGES/COMMANDS/TOOLBOX/load-from-lospec.png,11x11 RGBA (optional),todo,
1515,CREATE FROM IMAGE...,Menu,,tile,,CRT,create-from-image.png,ASSETS/THEMES/DEFAULT/IMAGES/COMMANDS/create-from-image.png,16x16 RGBA,ASSETS/THEMES/DEFAULT/IMAGES/COMMANDS/TOOLBOX/create-from-image.png,11x11 RGBA (optional),todo,
1516,REMAP TO PALETTE...,Menu,,tile,,RMP,remap-to-palette.png,ASSETS/THEMES/DEFAULT/IMAGES/COMMANDS/remap-to-palette.png,16x16 RGBA,ASSETS/THEMES/DEFAULT/IMAGES/COMMANDS/TOOLBOX/remap-to-palette.png,11x11 RGBA (optional),todo,
1512,RANDOM,Menu,Ctrl+Alt+R,tile,,RND,random.png,ASSETS/THEMES/DEFAULT/IMAGES/COMMANDS/random.png,16x16 RGBA,ASSETS/THEMES/DEFAULT/IMAGES/COMMANDS/TOOLBOX/random.png,11x11 RGBA (optional),todo,
1513,SWAP FG/BG COLORS,Menu,X,tile,,SWP,swap-fg-bg-colors.png,ASSETS/THEMES/DEFAULT/IMAGES/COMMANDS/swap-fg-bg-colors.png,16x16 RGBA,ASSETS/THEMES/DEFAULT/IMAGES/COMMANDS/TOOLBOX/swap-fg-bg-colors.png,11x11 RGBA (optional),todo,
1505,COLOR PICKER,Menu,,tile,,CLR,color-picker.png,ASSETS/THEMES/DEFAULT/IMAGES/COMMANDS/color-picker.png,16x16 RGBA,ASSETS/THEMES/DEFAULT/IMAGES/COMMANDS/TOOLBOX/color-picker.png,11x11 RGBA (optional),todo,
1517,SHOW LOSPEC PALETTES,Menu,,tile,,LSP,show-lospec-palettes.png,ASSETS/THEMES/DEFAULT/IMAGES/COMMANDS/show-lospec-palettes.png,16x16 RGBA,ASSETS/THEMES/DEFAULT/IMAGES/COMMANDS/TOOLBOX/show-lospec-palettes.png,11x11 RGBA (optional),todo,
1518,SHOW CREATED PALETTES,Menu,,tile,,CRT,show-created-palettes.png,ASSETS/THEMES/DEFAULT/IMAGES/COMMANDS/show-created-palettes.png,16x16 RGBA,ASSETS/THEMES/DEFAULT/IMAGES/COMMANDS/TOOLBOX/show-created-palettes.png,11x11 RGBA (optional),todo,
1519,SHOW COLOR CHIPS IN MENU,Menu,,tile,,CLR,show-color-chips-in-menu.png,ASSETS/THEMES/DEFAULT/IMAGES/COMMANDS/show-color-chips-in-menu.png,16x16 RGBA,ASSETS/THEMES/DEFAULT/IMAGES/COMMANDS/TOOLBOX/show-color-chips-in-menu.png,11x11 RGBA (optional),todo,
1821,REGENERATE LAYER,Menu,,tile,,RGN,regenerate-layer.png,ASSETS/THEMES/DEFAULT/IMAGES/COMMANDS/regenerate-layer.png,16x16 RGBA,ASSETS/THEMES/DEFAULT/IMAGES/COMMANDS/TOOLBOX/regenerate-layer.png,11x11 RGBA (optional),todo,
1822,CANCEL GENERATION,Menu,Ctrl+Alt+K,tile,,CNC,cancel-generation.png,ASSETS/THEMES/DEFAULT/IMAGES/COMMANDS/cancel-generation.png,16x16 RGBA,ASSETS/THEMES/DEFAULT/IMAGES/COMMANDS/TOOLBOX/cancel-generation.png,11x11 RGBA (optional),todo,
1823,TOOLS...,Menu,,tile,,TLS,tools.png,ASSETS/THEMES/DEFAULT/IMAGES/COMMANDS/tools.png,16x16 RGBA,ASSETS/THEMES/DEFAULT/IMAGES/COMMANDS/TOOLBOX/tools.png,11x11 RGBA (optional),todo,
1827,STYLE EDITOR...,Menu,,tile,,STY,style-editor.png,ASSETS/THEMES/DEFAULT/IMAGES/COMMANDS/style-editor.png,16x16 RGBA,ASSETS/THEMES/DEFAULT/IMAGES/COMMANDS/TOOLBOX/style-editor.png,11x11 RGBA (optional),todo,
1828,PROMPT EDITOR...,Menu,,tile,,PRM,prompt-editor.png,ASSETS/THEMES/DEFAULT/IMAGES/COMMANDS/prompt-editor.png,16x16 RGBA,ASSETS/THEMES/DEFAULT/IMAGES/COMMANDS/TOOLBOX/prompt-editor.png,11x11 RGBA (optional),todo,
1601,ABOUT DRAW,Menu,,tile,,ABT,about-draw.png,ASSETS/THEMES/DEFAULT/IMAGES/COMMANDS/about-draw.png,16x16 RGBA,ASSETS/THEMES/DEFAULT/IMAGES/COMMANDS/TOOLBOX/about-draw.png,11x11 RGBA (optional),todo,
1602,CHEAT SHEET...,Menu,?,tile,,CHT,cheat-sheet.png,ASSETS/THEMES/DEFAULT/IMAGES/COMMANDS/cheat-sheet.png,16x16 RGBA,ASSETS/THEMES/DEFAULT/IMAGES/COMMANDS/TOOLBOX/cheat-sheet.png,11x11 RGBA (optional),todo,
1603,MANUAL,Menu,,tile,,MNL,manual.png,ASSETS/THEMES/DEFAULT/IMAGES/COMMANDS/manual.png,16x16 RGBA,ASSETS/THEMES/DEFAULT/IMAGES/COMMANDS/TOOLBOX/manual.png,11x11 RGBA (optional),todo,
1609,PIXEL ART ANALYZER,Menu,,tile,,PXL,pixel-art-analyzer.png,ASSETS/THEMES/DEFAULT/IMAGES/COMMANDS/pixel-art-analyzer.png,16x16 RGBA,ASSETS/THEMES/DEFAULT/IMAGES/COMMANDS/TOOLBOX/pixel-art-analyzer.png,11x11 RGBA (optional),todo,
1604,GITHUB,Menu,,tile,,GTH,github.png,ASSETS/THEMES/DEFAULT/IMAGES/COMMANDS/github.png,16x16 RGBA,ASSETS/THEMES/DEFAULT/IMAGES/COMMANDS/TOOLBOX/github.png,11x11 RGBA (optional),todo,
1605,ISSUE TRACKER,Menu,,tile,,IST,issue-tracker.png,ASSETS/THEMES/DEFAULT/IMAGES/COMMANDS/issue-tracker.png,16x16 RGBA,ASSETS/THEMES/DEFAULT/IMAGES/COMMANDS/TOOLBOX/issue-tracker.png,11x11 RGBA (optional),todo,
1606,CREDITS,Menu,,tile,,CRD,credits.png,ASSETS/THEMES/DEFAULT/IMAGES/COMMANDS/credits.png,16x16 RGBA,ASSETS/THEMES/DEFAULT/IMAGES/COMMANDS/TOOLBOX/credits.png,11x11 RGBA (optional),todo,
1607,EXAMPLES,Menu,,tile,,EXM,examples.png,ASSETS/THEMES/DEFAULT/IMAGES/COMMANDS/examples.png,16x16 RGBA,ASSETS/THEMES/DEFAULT/IMAGES/COMMANDS/TOOLBOX/examples.png,11x11 RGBA (optional),todo,
1608,SHOW TOOLTIPS,Menu,,tile,,TLT,show-tooltips.png,ASSETS/THEMES/DEFAULT/IMAGES/COMMANDS/show-tooltips.png,16x16 RGBA,ASSETS/THEMES/DEFAULT/IMAGES/COMMANDS/TOOLBOX/show-tooltips.png,11x11 RGBA (optional),todo,
1610,CAPTURE CRASH LOGS,Menu,,tile,,CPT,capture-crash-logs.png,ASSETS/THEMES/DEFAULT/IMAGES/COMMANDS/capture-crash-logs.png,16x16 RGBA,ASSETS/THEMES/DEFAULT/IMAGES/COMMANDS/TOOLBOX/capture-crash-logs.png,11x11 RGBA (optional),todo,
1611,CRASH LOGS FOLDER...,Menu,,tile,,CRS,crash-logs-folder.png,ASSETS/THEMES/DEFAULT/IMAGES/COMMANDS/crash-logs-folder.png,16x16 RGBA,ASSETS/THEMES/DEFAULT/IMAGES/COMMANDS/TOOLBOX/crash-logs-folder.png,11x11 RGBA (optional),todo,
417,SOUND FX,Menu,,tile,,SND,sound-fx.png,ASSETS/THEMES/DEFAULT/IMAGES/COMMANDS/sound-fx.png,16x16 RGBA,ASSETS/THEMES/DEFAULT/IMAGES/COMMANDS/TOOLBOX/sound-fx.png,11x11 RGBA (optional),todo,
420,MUSIC,Menu,,tile,,MSC,music.png,ASSETS/THEMES/DEFAULT/IMAGES/COMMANDS/music.png,16x16 RGBA,ASSETS/THEMES/DEFAULT/IMAGES/COMMANDS/TOOLBOX/music.png,11x11 RGBA (optional),todo,
418,SFX VOL UP,Menu,,tile,,SVL,sfx-vol-up.png,ASSETS/THEMES/DEFAULT/IMAGES/COMMANDS/sfx-vol-up.png,16x16 RGBA,ASSETS/THEMES/DEFAULT/IMAGES/COMMANDS/TOOLBOX/sfx-vol-up.png,11x11 RGBA (optional),todo,
419,SFX VOL DOWN,Menu,,tile,,SVL,sfx-vol-down.png,ASSETS/THEMES/DEFAULT/IMAGES/COMMANDS/sfx-vol-down.png,16x16 RGBA,ASSETS/THEMES/DEFAULT/IMAGES/COMMANDS/TOOLBOX/sfx-vol-down.png,11x11 RGBA (optional),todo,
421,SFX MUTE,Menu,,tile,,SMT,sfx-mute.png,ASSETS/THEMES/DEFAULT/IMAGES/COMMANDS/sfx-mute.png,16x16 RGBA,ASSETS/THEMES/DEFAULT/IMAGES/COMMANDS/TOOLBOX/sfx-mute.png,11x11 RGBA (optional),todo,
422,MUSIC VOL UP,Menu,,tile,,MSC,music-vol-up.png,ASSETS/THEMES/DEFAULT/IMAGES/COMMANDS/music-vol-up.png,16x16 RGBA,ASSETS/THEMES/DEFAULT/IMAGES/COMMANDS/TOOLBOX/music-vol-up.png,11x11 RGBA (optional),todo,
423,MUSIC VOL DOWN,Menu,,tile,,MSC,music-vol-down.png,ASSETS/THEMES/DEFAULT/IMAGES/COMMANDS/music-vol-down.png,16x16 RGBA,ASSETS/THEMES/DEFAULT/IMAGES/COMMANDS/TOOLBOX/music-vol-down.png,11x11 RGBA (optional),todo,
424,MUSIC MUTE,Menu,,tile,,MSC,music-mute.png,ASSETS/THEMES/DEFAULT/IMAGES/COMMANDS/music-mute.png,16x16 RGBA,ASSETS/THEMES/DEFAULT/IMAGES/COMMANDS/TOOLBOX/music-mute.png,11x11 RGBA (optional),todo,
427,NEXT TRACK,Menu,},tile,,NXT,next-track.png,ASSETS/THEMES/DEFAULT/IMAGES/COMMANDS/next-track.png,16x16 RGBA,ASSETS/THEMES/DEFAULT/IMAGES/COMMANDS/TOOLBOX/next-track.png,11x11 RGBA (optional),todo,
428,PREV TRACK,Menu,{,tile,,PRV,prev-track.png,ASSETS/THEMES/DEFAULT/IMAGES/COMMANDS/prev-track.png,16x16 RGBA,ASSETS/THEMES/DEFAULT/IMAGES/COMMANDS/TOOLBOX/prev-track.png,11x11 RGBA (optional),todo,
425,EXPLORE MUSIC...,Menu,,tile,,EXP,explore-music.png,ASSETS/THEMES/DEFAULT/IMAGES/COMMANDS/explore-music.png,16x16 RGBA,ASSETS/THEMES/DEFAULT/IMAGES/COMMANDS/TOOLBOX/explore-music.png,11x11 RGBA (optional),todo,
426,NOT PLAYING,Menu,,tile,,NPL,not-playing.png,ASSETS/THEMES/DEFAULT/IMAGES/COMMANDS/not-playing.png,16x16 RGBA,ASSETS/THEMES/DEFAULT/IMAGES/COMMANDS/TOOLBOX/not-playing.png,11x11 RGBA (optional),todo,
